CAS_NORM,POD_MGKGDAY,PUBCHEM_CID,S_global,S_potency
61-82-5,40.0,1639,0.9727146111810844,2.3937413334160365
61-82-5,40.0,1639,0.9727146111810844,2.3937413334160365
140-11-4,35.0,8785,0.9829657883453576,2.910864268102795
140-11-4,35.0,8785,0.9829657883453576,2.910864268102795
58-08-2,6.0,2519,0.9381707390229016,1.858177588051397
58-08-2,6.0,2519,0.9381707390229016,1.858177588051397
150-68-5,37.5,8800,0.9559359527033866,2.1347444799126247
150-68-5,37.5,8800,0.9559359527033866,2.1347444799126247
76-06-2,0.025,6423,0.8808272051314654,2.167294681352988
1897-45-6,0.5,15910,0.7220364585671222,2.246379522635998
1897-45-6,0.5,15910,0.7220364585671222,2.246379522635998
120-36-5,11.01,8427,0.9249281427082736,2.057949445241786
120-36-5,11.01,8427,0.9249281427082736,2.057949445241786
94-75-7,0.5,1486,0.9839717910280728,2.0576795589682537
94-75-7,0.5,1486,0.9839717910280728,2.0576795589682537
330-54-1,0.3,3120,0.9570812386106622,2.208230219637765
330-54-1,0.3,3120,0.9570812386106622,2.208230219637765
330-54-1,0.3,3120,0.9570812386106622,2.208230219637765
330-54-1,0.3,3120,0.9570812386106622,2.208230219637765
78-87-5,30.0,6564,0.9886932878335386,2.4458704688440056
756-79-6,250.0,12958,0.9813682510322816,2.464297210689411
756-79-6,250.0,12958,0.9813682510322816,2.464297210689411
120-61-6,4.0,8441,0.9247050762548812,2.097048028542655
120-61-6,4.0,8441,0.9247050762548812,2.097048028542655
51-28-5,10.0,1493,0.8417440288441087,1.6752108735525046
51-28-5,10.0,1493,0.8417440288441087,1.6752108735525046
121-14-2,4.0,8461,0.9349989158673788,2.0468629123287934
121-14-2,4.0,8461,0.9349989158673788,2.0468629123287934
50-28-2,0.005,5757,0.9284154851529932,2.133014916834157
50-28-2,0.005,5757,0.9284154851529932,2.133014916834157
50-28-2,0.005,5757,0.9284154851529932,2.133014916834157
140-67-0,37.5,8815,0.969223548086242,2.2645801628401547
140-67-0,37.5,8815,0.969223548086242,2.2645801628401547
106-87-6,40.0,7833,0.9866020331343376,2.3170601524948866
106-87-6,40.0,7833,0.9866020331343376,2.3170601524948866
103-23-1,465.0,7641,0.9452575016503024,2.2827398744232315
103-23-1,465.0,7641,0.9452575016503024,2.2827398744232315
149-91-7,300.0,370,0.8922830628427336,1.780340797524179
149-91-7,300.0,370,0.8922830628427336,1.780340797524179
149-91-7,300.0,370,0.8922830628427336,1.780340797524179
7632-00-0,12.5,23668193,0.9856902737667064,2.52352699223142
7632-00-0,12.5,23668193,0.9856902737667064,2.52352699223142
99-59-2,200.0,7447,0.966792012882501,2.0068131139394043
99-59-2,200.0,7447,0.966792012882501,2.0068131139394043
101-80-4,10.0,7579,0.9212952723261864,2.0519604686845865
101-80-4,10.0,7579,0.9212952723261864,2.0519604686845865
77-09-8,300.0,4764,0.8759844814142032,1.7615369119546087
77-09-8,300.0,4764,0.8759844814142032,1.7615369119546087
77-09-8,300.0,4764,0.8759844814142032,1.7615369119546087
77-09-8,300.0,4764,0.8759844814142032,1.7615369119546087
63-92-3,5.0,5284441,0.8018344123341887,1.5733575027590547
63-92-3,5.0,5284441,0.8018344123341887,1.5733575027590547
57-55-6,2000.0,1030,0.9794943470856,2.852769443285948
57-55-6,2000.0,1030,0.9794943470856,2.852769443285948
57-55-6,2000.0,1030,0.9794943470856,2.852769443285948
148-79-8,6.95,5430,0.9566500827379482,2.077448928503466
148-79-8,6.95,5430,0.9566500827379482,2.077448928503466
148-79-8,6.95,5430,0.9566500827379482,2.077448928503466
148-79-8,6.95,5430,0.9566500827379482,2.077448928503466
79-01-6,90.0,6575,0.9724832653538372,2.488453947877547
79-01-6,90.0,6575,0.9724832653538372,2.488453947877547
133-07-3,9.0,8607,0.7669730350039989,1.805854291425394
133-07-3,9.0,8607,0.7669730350039989,1.805854291425394
52-68-6,13.4,5853,0.8817169870327254,2.119359449690097
52-68-6,13.4,5853,0.8817169870327254,2.119359449690097
52-68-6,13.4,5853,0.8817169870327254,2.119359449690097
52-68-6,13.4,5853,0.8817169870327254,2.119359449690097
78-42-2,500.0,6537,0.9617793653047828,2.268939660868622
78-42-2,500.0,6537,0.9617793653047828,2.268939660868622
17924-92-4,1.25,5281576,0.8177338892928175,1.9586844260590957
17924-92-4,1.25,5281576,0.8177338892928175,1.9586844260590957
78-83-1,0.5,6560,0.9266045694157315,2.550220091627758
99-97-8,6.0,7471,0.9128847897842218,2.2913013506144395
99-97-8,6.0,7471,0.9128847897842218,2.2913013506144395
100-02-7,400.0,980,0.9217258308201706,1.8832198434570144
100-02-7,400.0,980,0.9217258308201706,1.8832198434570144
119-61-9,6.445,3102,0.9625898205093264,2.230915677875791
119-61-9,6.445,3102,0.9625898205093264,2.230915677875791
119-61-9,6.445,3102,0.9625898205093264,2.230915677875791
119-61-9,6.445,3102,0.9625898205093264,2.230915677875791
120-82-1,20.0,13,0.965741964323707,2.580998761705479
120-82-1,20.0,13,0.965741964323707,2.580998761705479
298-04-4,0.038,3118,0.9345998776388464,2.4727137360480542
298-04-4,0.038,3118,0.9345998776388464,2.4727137360480542
169590-42-5,80.0,2662,0.7208144915144802,1.5864088183443108
169590-42-5,80.0,2662,0.7208144915144802,1.5864088183443108
169590-42-5,80.0,2662,0.7208144915144802,1.5864088183443108
169590-42-5,80.0,2662,0.7208144915144802,1.5864088183443108
50-53-3,3.0,2726,0.8137508855873917,2.05316822782735
50-53-3,3.0,2726,0.8137508855873917,2.05316822782735
7481-89-2,500.0,24066,0.970728102553946,2.6331941605149027
7481-89-2,500.0,24066,0.970728102553946,2.6331941605149027
7481-89-2,500.0,24066,0.970728102553946,2.6331941605149027
7481-89-2,500.0,24066,0.970728102553946,2.6331941605149027
25057-89-0,9.0,2328,0.9843601850078976,2.102243184572239
25057-89-0,9.0,2328,0.9843601850078976,2.102243184572239
1861-32-1,10.0,2943,0.9446012520381322,1.9361814933192043
1861-32-1,10.0,2943,0.9446012520381322,1.9361814933192043
39515-41-8,5.0,47326,0.8515797167063349,1.823124730503984
39515-41-8,5.0,47326,0.8515797167063349,1.823124730503984
1929-82-4,0.0,16004,0.9805155891869084,2.4404073693277906
1929-82-4,0.0,16004,0.9805155891869084,2.4404073693277906
29232-93-7,8.3,34526,0.9106048825397696,2.080570054317881
26471-62-5,0.001,11443,0.9429872754809346,1.9303217406949496
82097-50-5,2.5,73282,0.9866839579477638,2.311525826995617
108-42-9,10.0,7932,0.9870419633471932,2.722476793485676
108-42-9,10.0,7932,0.9870419633471932,2.722476793485676
2008-39-1,50.0,16180,0.9785322374138165,2.050865912227897
79-14-1,300.0,757,0.9620215342360678,2.3994188603499595
51200-87-4,10.0,62010,0.9776660844902352,2.135359702606858
88-04-0,213.0,2723,0.9601770222698106,2.298053576078391
88-04-0,213.0,2723,0.9601770222698106,2.298053576078391
88-04-0,213.0,2723,0.9601770222698106,2.298053576078391
55219-65-3,15.0,41368,0.9414387734462126,1.9743512600704705
55335-06-3,2.5,41428,0.9650707891092316,1.96237624216679
131860-33-8,0.0,3034285,0.8053351579843618,1.8595802495506817
94361-06-5,1.4,86132,0.900621576761511,2.089290655118534
51338-27-3,0.3,39985,0.8591235266465082,1.9129920631669195
51707-55-2,0.0,40087,0.8142835446812968,1.9086345943458085
131983-72-7,0.2,86233,0.9685650749575194,2.0167244356871947
119168-77-3,0.21,86354,0.6838782904442413,2.3434206552586643
119515-38-7,50.0,125098,0.9863159397201622,2.420614851837108
135410-20-7,7.1,213021,0.9840716379024538,2.3015315617174905
13684-56-5,3.18,24743,0.9532322743447114,1.9477723341760875
210631-68-8,0.4,11302979,0.9730666844276876,2.336884978105577
219714-96-2,30.0,11784975,0.968266254442331,2.2527941891340744
15165-67-0,59.0,119435,0.9811201839017176,2.4220106910145143
79241-46-6,0.5,3033674,0.9051196640105456,2.2777732030387563
98886-44-3,0.039,91758,0.9618051983618022,2.491889223405491
51229-78-8,4.57,6435993,0.8924935089992193,1.5677226608488355
1007-28-9,18.0,13878,0.9780134427885908,2.216974356756088
116-06-3,0.1,2086,0.9564291081260744,2.625163107633472
116-06-3,0.1,2086,0.9564291081260744,2.625163107633472
NOCAS_47248,30.0,9865514,0.8907316556780642,1.995978097865913
402910-27-4,4.0,9969177,0.8266545321785422,1.6979732407896009
668981-02-0,30.0,9949821,0.8795046044726382,1.8335576153948725
313994-79-5,100.0,5481119,0.87639541256266,1.836274562073421
725228-45-5,40.0,9801235,0.6640896994282526,1.5370989085841855
862243-29-6,200.0,24798733,0.9833941026797622,2.464922265604745
NOCAS_47379,30.0,60196408,0.6368159323720677,1.937918308962782
98-07-7,0.25,7367,0.9474197019492452,2.19572955444652
98-07-7,0.25,7367,0.9474197019492452,2.19572955444652
10043-35-3,14.3,7628,0.9799585705681074,2.42249989980217
10043-35-3,14.3,7628,0.9799585705681074,2.42249989980217
10043-35-3,14.3,7628,0.9799585705681074,2.42249989980217
75-27-4,25.0,6359,0.976299085485812,2.764500005098294
98-54-4,3590.0,7393,0.9406961642985224,1.957690159259768
98-54-4,3590.0,7393,0.9406961642985224,1.957690159259768
98-54-4,3590.0,7393,0.9406961642985224,1.957690159259768
98-54-4,3590.0,7393,0.9406961642985224,1.957690159259768
120-71-8,250.0,8445,0.9810292245610804,2.0444948691761087
120-71-8,250.0,8445,0.9810292245610804,2.0444948691761087
106-46-7,1.25,4685,0.9834384885080102,2.600571093984189
106-46-7,1.25,4685,0.9834384885080102,2.600571093984189
106-46-7,1.25,4685,0.9834384885080102,2.600571093984189
75-34-3,382.0,6365,0.9658369686432952,2.1477046452936923
120-83-2,33.4,8449,0.968325958697366,2.170887198982345
120-83-2,33.4,8449,0.968325958697366,2.170887198982345
57-14-7,1.41,5976,0.9902326602216048,2.4195664767915197
98-01-1,6.0,7362,0.9900096900568978,2.296033109084078
98-01-1,6.0,7362,0.9900096900568978,2.296033109084078
98-01-1,6.0,7362,0.9900096900568978,2.296033109084078
136-77-6,62.5,3610,0.7941643960914131,1.662361430292845
136-77-6,62.5,3610,0.7941643960914131,1.662361430292845
136-77-6,62.5,3610,0.7941643960914131,1.662361430292845
136-77-6,62.5,3610,0.7941643960914131,1.662361430292845
143-50-0,0.05,299,0.681922312391745,1.522867090311012
143-50-0,0.05,299,0.681922312391745,1.522867090311012
5989-27-5,75.0,440917,0.9799212579486738,2.544383001642307
89-78-1,300.0,16666,0.9850384347547552,2.607214039492304
89-78-1,300.0,16666,0.9850384347547552,2.607214039492304
89-78-1,300.0,16666,0.9850384347547552,2.607214039492304
89-78-1,300.0,16666,0.9850384347547552,2.607214039492304
149-30-4,188.0,697993,0.8904085590190931,1.7793386271717948
149-30-4,188.0,697993,0.8904085590190931,1.7793386271717948
298-00-0,0.03,4130,0.9136779719076707,1.910333620379496
298-00-0,0.03,4130,0.9136779719076707,1.910333620379496
54-11-5,0.5,89594,0.9824524764607072,2.0914032493549968
54-11-5,0.5,89594,0.9824524764607072,2.0914032493549968
156-10-5,125.0,9074,0.7555603279273656,1.6951483257282325
156-10-5,125.0,9074,0.7555603279273656,1.6951483257282325
604-75-1,12.0,4616,0.9213421040548632,1.976100960739792
604-75-1,12.0,4616,0.9213421040548632,1.976100960739792
604-75-1,12.0,4616,0.9213421040548632,1.976100960739792
604-75-1,12.0,4616,0.9213421040548632,1.976100960739792
51-03-6,15.5,5794,0.9330559492513674,2.163612836861527
51-03-6,15.5,5794,0.9330559492513674,2.163612836861527
51-03-6,15.5,5794,0.9330559492513674,2.163612836861527
961-11-5,200.0,13745,0.7904005186901962,1.7725721123307216
97-77-8,15.0,3117,0.7220467304883141,2.647237708927765
97-77-8,15.0,3117,0.7220467304883141,2.647237708927765
97-77-8,15.0,3117,0.7220467304883141,2.647237708927765
97-77-8,15.0,3117,0.7220467304883141,2.647237708927765
76-03-9,4.1,6421,0.9429894789013908,2.193894394242561
76-03-9,4.1,6421,0.9429894789013908,2.193894394242561
76-03-9,4.1,6421,0.9429894789013908,2.193894394242561
96-29-7,10.0,7292,0.9893534287015976,2.422598233923848
96-29-7,10.0,7292,0.9893534287015976,2.422598233923848
98-82-8,25.0,7406,0.9346727495123852,2.149993702392624
107-07-3,60.0,34,0.9775285197679804,2.027566029988568
107-12-0,40.0,7854,0.9886495067179802,2.462042827778585
117-84-0,350.1,8346,0.9626505889049009,2.248762815812344
117-84-0,350.1,8346,0.9626505889049009,2.248762815812344
117-84-0,350.1,8346,0.9626505889049009,2.248762815812344
534-52-1,50.0,10800,0.8059442998893482,1.7736975893377651
534-52-1,50.0,10800,0.8059442998893482,1.7736975893377651
540-88-5,800.0,10908,0.9890112476091184,2.452957888510853
15972-60-8,0.5,2078,0.7844407566126259,1.692703233736284
15972-60-8,0.5,2078,0.7844407566126259,1.692703233736284
16752-77-5,6.9,4109,0.9912908744148374,2.65424753740938
69-65-8,1250.0,6251,0.981663992277152,2.6463366657688865
69-65-8,1250.0,6251,0.981663992277152,2.6463366657688865
69-65-8,1250.0,6251,0.981663992277152,2.6463366657688865
69-65-8,1250.0,6251,0.981663992277152,2.6463366657688865
834-12-8,20.9,13263,0.9335137954665332,2.200502946662339
834-12-8,20.9,13263,0.9335137954665332,2.200502946662339
21725-46-2,0.005,30773,0.9761107832762196,2.302295388723828
21725-46-2,0.005,30773,0.9761107832762196,2.302295388723828
52315-07-8,5.0,2912,0.9480132424301884,2.041271751122983
52315-07-8,5.0,2912,0.9480132424301884,2.041271751122983
52315-07-8,5.0,2912,0.9480132424301884,2.041271751122983
35367-38-5,36.0,37123,0.9527978078770836,2.3688580904171737
35367-38-5,36.0,37123,0.9527978078770836,2.3688580904171737
759-94-4,1.0,12968,0.9463049630588656,2.3263337025373607
759-94-4,1.0,12968,0.9463049630588656,2.3263337025373607
111-76-2,1.55,8133,0.9921357892421068,2.4251092236192235
111-76-2,1.55,8133,0.9921357892421068,2.4251092236192235
24307-26-4,48.6,62781,0.9833886054421768,2.3174464015636467
78-48-8,0.2,5125,0.9288522884541998,2.13306244182848
78-48-8,0.2,5125,0.9288522884541998,2.13306244182848
300-76-5,2.0,4420,0.8466185350677586,1.5352209671480976
300-76-5,2.0,4420,0.8466185350677586,1.5352209671480976
13684-63-4,3.5,24744,0.9722589949295984,2.2405846035819508
13684-63-4,3.5,24744,0.9722589949295984,2.2405846035819508
2310-17-0,0.17,4793,0.8647004383950762,1.7398251462110614
2310-17-0,0.17,4793,0.8647004383950762,1.7398251462110614
23564-05-8,6.0,3032791,0.9128574195636904,1.98250921615574
23564-05-8,6.0,3032791,0.9128574195636904,1.98250921615574
111-96-6,1.25,8150,0.9750040372381183,2.2368467090521733
111-96-6,1.25,8150,0.9750040372381183,2.2368467090521733
26530-20-1,0.0365,33528,0.6768195685535029,1.7486760159865122
26530-20-1,0.0365,33528,0.6768195685535029,1.7486760159865122
79-94-7,818.9,6618,0.7784491685098217,1.5455425521160102
79-94-7,818.9,6618,0.7784491685098217,1.5455425521160102
79-94-7,818.9,6618,0.7784491685098217,1.5455425521160102
112-25-4,1.0,8170,0.9928442631288446,2.294177305298874
112-25-4,1.0,8170,0.9928442631288446,2.294177305298874
7631-86-9,5e-05,24261,0.9909799124815712,2.3589210765810384
1929-73-3,145.0,16002,0.9838267832342243,2.1404769837774893
81777-89-1,1.1,54778,0.9392116967098234,1.7812182667039973
121552-61-2,0.7,86367,0.7628146053187385,1.7935166256801336
96182-53-5,0.005,93516,0.8843075187364551,1.9819475805944076
3383-96-8,0.9,5392,0.8074464886984861,1.88271857287995
3383-96-8,0.9,5392,0.8074464886984861,1.88271857287995
3383-96-8,0.9,5392,0.8074464886984861,1.88271857287995
117718-60-2,3.0,91776,0.9605099080575944,2.264418799004165
7779-27-3,10.0,24512,0.9786288280816962,2.5912907250095096
85264-33-1,50.0,96393,0.9839304351924952,2.5414964434292178
135158-54-2,0.9,86412,0.9537466578923276,2.017903201847631
23103-98-2,4.0,31645,0.9913107691235232,2.568244678750679
95737-68-1,7.04,91753,0.8893869530432842,1.8986325655176048
122931-48-0,3.35,91779,0.9867241964195932,1.7762297657244537
4151-50-2,0.3,77797,0.9130748148036086,2.069838732934591
173584-44-6,0.56,107720,0.8101245065236096,1.9386060417642332
58-18-4,2.0,6010,0.8941533865771782,2.021627228717858
58-18-4,2.0,6010,0.8941533865771782,2.021627228717858
58-18-4,2.0,6010,0.8941533865771782,2.021627228717858
58-18-4,2.0,6010,0.8941533865771782,2.021627228717858
29091-21-2,1.8,34469,0.6293536390502023,1.6600790761122488
118134-30-8,5.0,86160,0.9547564115014978,2.044581912836373
79-57-2,1200.0,54675779,0.8841080176634788,1.6214881641285528
76703-62-3,3.4,6440554,0.9346211905148584,1.887349088360676
122008-85-9,1.719,180089,0.9393988796265834,2.018263863198658
68157-60-8,0.0,93379,0.7807892187965396,1.70899642079341
283594-90-1,13.2,9907412,0.8826204846553386,2.203012723389516
171118-09-5,200.0,6426849,0.9864132588883266,2.511879856265738
3397-62-4,7.6,18831,0.9913152226692205,2.156324099364552
56038-13-2,150.0,71485,0.9774493939734706,2.4366036700459883
56038-13-2,150.0,71485,0.9774493939734706,2.4366036700459883
56038-13-2,150.0,71485,0.9774493939734706,2.4366036700459883
10118-90-8,5.0,54675783,0.8812955510842835,2.3401082286663626
137-58-6,6.0,3676,0.965765608702978,2.7141039015988957
137-58-6,6.0,3676,0.965765608702978,2.7141039015988957
353280-07-6,5.0,9865929,0.9317031482085912,2.0384403468445216
368832-42-2,3.0,9888347,0.8406916650878253,1.8329797240539325
864283-48-7,0.3,11472813,0.9121991934356606,2.389946288339892
139149-55-6,100.0,153939,0.8588990240734671,2.072359965125036
NOCAS_47362,0.01,53316380,0.8439765706055712,1.776476429255282
344930-95-6,10.0,9872438,0.8607426308594581,2.3287531603722544
103-90-2,30.0,1983,0.9786153705691584,2.2991363837675585
103-90-2,30.0,1983,0.9786153705691584,2.2991363837675585
103-90-2,30.0,1983,0.9786153705691584,2.2991363837675585
103-90-2,30.0,1983,0.9786153705691584,2.2991363837675585
128-37-0,125.0,31404,0.9209352236927292,2.0176170897624432
128-37-0,125.0,31404,0.9209352236927292,2.0176170897624432
128-37-0,125.0,31404,0.9209352236927292,2.0176170897624432
128-37-0,125.0,31404,0.9209352236927292,2.0176170897624432
133-90-4,1000.0,8630,0.9877702976692536,2.411244061891552
133-90-4,1000.0,8630,0.9877702976692536,2.411244061891552
115-28-6,27.0,8266,0.9592606848171952,2.458010427371511
115-28-6,27.0,8266,0.9592606848171952,2.458010427371511
56-72-4,0.08,2871,0.875617122018894,2.0143600026332398
56-72-4,0.08,2871,0.875617122018894,2.0143600026332398
56-72-4,0.08,2871,0.875617122018894,2.0143600026332398
56-72-4,0.08,2871,0.875617122018894,2.0143600026332398
99-30-9,3.7,7430,0.928052397542127,1.893063090633964
99-30-9,3.7,7430,0.928052397542127,1.893063090633964
79-43-6,3.9,6597,0.9898095407095904,2.428230440312602
79-43-6,3.9,6597,0.9898095407095904,2.428230440312602
79-43-6,3.9,6597,0.9898095407095904,2.428230440312602
79-43-6,3.9,6597,0.9898095407095904,2.428230440312602
108-01-0,1.2,7902,0.9465774962216036,2.315340498114403
108-01-0,1.2,7902,0.9465774962216036,2.315340498114403
108-01-0,1.2,7902,0.9465774962216036,2.315340498114403
121-69-7,3.0,949,0.9816933450686036,2.654158584749577
121-69-7,3.0,949,0.9816933450686036,2.654158584749577
51-21-8,3.85,3385,0.9270220628063236,2.194461948551543
51-21-8,3.85,3385,0.9270220628063236,2.194461948551543
51-21-8,3.85,3385,0.9270220628063236,2.194461948551543
51-21-8,3.85,3385,0.9270220628063236,2.194461948551543
118-74-1,4.0,8370,0.9650519678227578,3.7033664665169472
58-89-9,0.01,727,0.8974397181594786,1.757920261660678
58-89-9,0.01,727,0.8974397181594786,1.757920261660678
77-47-4,0.0005,6478,0.8254444843892139,1.9057167462218725
77-47-4,0.0005,6478,0.8254444843892139,1.9057167462218725
58-93-5,10.0,3639,0.9585980368276064,2.3190471160369936
58-93-5,10.0,3639,0.9585980368276064,2.3190471160369936
58-93-5,10.0,3639,0.9585980368276064,2.3190471160369936
58-93-5,10.0,3639,0.9585980368276064,2.3190471160369936
90-94-8,12.5,7031,0.8510712550891493,1.9387973605671007
90-94-8,12.5,7031,0.8510712550891493,1.9387973605671007
91-59-8,18.4,7057,0.9415583530429268,2.146906490415981
91-59-8,18.4,7057,0.9415583530429268,2.146906490415981
1825-21-4,10.0,15767,0.9448690603685228,2.3740867381837143
1825-21-4,10.0,15767,0.9448690603685228,2.3740867381837143
82-68-8,0.125,6720,0.9055267405635244,1.7501386407952064
82-68-8,0.125,6720,0.9055267405635244,1.7501386407952064
90-43-7,250.0,7017,0.8747444879404471,1.868207926359381
90-43-7,250.0,7017,0.8747444879404471,1.868207926359381
85-44-9,1803.0,6811,0.9545400410503744,2.3358206638393115
108-46-3,28.0,5054,0.9843942664150704,2.350502211993989
108-46-3,28.0,5054,0.9843942664150704,2.350502211993989
108-46-3,28.0,5054,0.9843942664150704,2.350502211993989
108-46-3,28.0,5054,0.9843942664150704,2.350502211993989
100-42-5,7.5,7501,0.9784028042321796,2.813048311840041
100-42-5,7.5,7501,0.9784028042321796,2.813048311840041
96-09-3,50.0,7276,0.9592232641119132,2.3817736294418284
96-09-3,50.0,7276,0.9592232641119132,2.3817736294418284
1746-01-6,3e-06,15625,0.9320234109524408,5.144923917967621
88-12-0,0.25,6917,0.9820484331473592,2.5183496194968717
88-12-0,0.25,6917,0.9820484331473592,2.5183496194968717
1330-20-7,1000.0,7929,0.9829847156363524,2.4672026683707884
67-56-1,1000.0,887,0.9883964469757768,3.0156321145533416
67-56-1,1000.0,887,0.9883964469757768,3.0156321145533416
84-74-2,5.35,3026,0.941522546847058,2.301174692756935
84-74-2,5.35,3026,0.941522546847058,2.301174692756935
95-51-2,10.0,7240,0.9869035619812018,2.405392275709516
105-67-9,60.0,7771,0.9632269584488892,2.2187299224361112
105-67-9,60.0,7771,0.9632269584488892,2.2187299224361112
111-90-0,250.0,8146,0.9725415770175264,2.1946713277952288
111-90-0,250.0,8146,0.9725415770175264,2.1946713277952288
134-62-3,25.0,4284,0.9686950303944544,2.3639003942494963
134-62-3,25.0,4284,0.9686950303944544,2.3639003942494963
134-62-3,25.0,4284,0.9686950303944544,2.3639003942494963
134-62-3,25.0,4284,0.9686950303944544,2.3639003942494963
13071-79-9,0.015,25670,0.9201896383406084,2.101449773714154
13071-79-9,0.015,25670,0.9201896383406084,2.101449773714154
78-11-5,465.0,6518,0.9021279483988413,2.3615782950925173
78-11-5,465.0,6518,0.9021279483988413,2.3615782950925173
563-12-2,0.049,3286,0.8739827861210968,1.968454126835013
330-55-2,3.49,9502,0.9160324614589892,1.846319939493125
330-55-2,3.49,9502,0.9160324614589892,1.846319939493125
32534-81-9,2.0,36159,0.914060216795268,1.819211498939898
110-69-0,25.0,8069,0.9872445867418228,2.7207184014105046
110-69-0,25.0,8069,0.9872445867418228,2.7207184014105046
2675-77-6,62.5,17581,0.9576239549276314,2.04220253636415
98-00-0,0.1,7361,0.9295992466021484,2.062977867186882
98-00-0,0.1,7361,0.9295992466021484,2.062977867186882
89-82-7,9.375,442495,0.9396761150975724,2.2869382885329705
108-32-7,3000.0,7924,0.9774638111336446,2.503094708843682
108-32-7,3000.0,7924,0.9774638111336446,2.503094708843682
556-61-6,10.0,11167,0.9329121934811714,2.0563449286417184
556-61-6,10.0,11167,0.9329121934811714,2.0563449286417184
137-42-8,0.05,5366415,0.9849906121679356,2.235342715349693
138-86-3,500.0,22311,0.9487857121715572,2.167720844728686
138-86-3,500.0,22311,0.9487857121715572,2.167720844728686
138-86-3,500.0,22311,0.9487857121715572,2.167720844728686
49562-28-9,11.7,3339,0.8427064829397539,1.9822149247845624
49562-28-9,11.7,3339,0.8427064829397539,1.9822149247845624
49562-28-9,11.7,3339,0.8427064829397539,1.9822149247845624
54593-83-8,0.061,91655,0.8511589512455066,1.8696404009255991
60168-88-9,0.8,43226,0.8156200132277949,1.7756138742820369
60168-88-9,0.8,43226,0.8156200132277949,1.7756138742820369
66441-23-4,0.25,47938,0.912809714547748,1.8255730351265675
131341-86-1,1.1,86398,0.8529359315028847,1.8282693266465544
68694-11-1,1.4,91699,0.623001034520173,1.630643743676501
142459-58-3,1.14,86429,0.944422644326402,1.7336341037342582
87546-18-7,3.5,443048,0.9416478383073096,2.029804712517932
117337-19-6,1.0,93542,0.9800998881596656,2.00642291119853
2682-20-4,40.6,39800,0.8277300474742091,1.7093724860159685
210880-92-5,9.7,213027,0.9870784001257152,2.6081567847001046
163515-14-8,25.0,13633097,0.9868929760626892,2.146016296949958
161326-34-7,0.0,10403199,0.910373411850686,2.0578350019730487
69377-81-7,100.0,50465,0.9911421593871836,2.259276637338372
124495-18-7,80.0,3391107,0.8683521310938237,1.6419871765199945
153719-23-4,0.0,107646,0.9519314985652116,2.2045932420091456
55179-31-2,5.0,91656,0.7921006426285929,1.601688670788558
85-34-7,125.0,6805,0.9913677813636582,2.1160436807282794
83657-24-3,0.71,6436605,0.8099628718244495,1.4305329509129037
111-94-4,300.0,8149,0.9833236413733838,2.2852666301048363
92623-83-1,300.0,56463,0.9214137198228316,2.005380472670097
92623-83-1,300.0,56463,0.9214137198228316,2.005380472670097
253450-09-8,25.0,156328,0.9351107437633198,1.9319816994570889
194098-25-4,250.0,9839190,0.913768583233291,2.046081381341613
214535-77-0,1.0,10407399,0.9611711871831832,2.1656303339169725
210826-40-7,10.0,9910393,0.9783902312714948,2.143181552230574
179465-71-5,5.0,53316393,0.9024945389599742,1.5868159118344982
NOCAS_47305,3.0,9828356,0.9908644164564288,2.486321676059635
501027-49-2,10.0,10134976,0.8609451677561691,1.7680154434393622
189003-92-7,1.0,9869105,0.8924324902211175,1.82503685574958
288104-79-0,0.5,9849616,0.8561108971504389,1.9434733560676696
298198-52-4,1.5,9797360,0.902326776864592,2.1763745758834347
57-06-7,12.0,5971,0.9615516655445588,2.369180088432625
57-06-7,12.0,5971,0.9615516655445588,2.369180088432625
57-06-7,12.0,5971,0.9615516655445588,2.369180088432625
86-50-0,0.25,2268,0.8778416154793982,1.750398493688834
86-50-0,0.25,2268,0.8778416154793982,1.750398493688834
85-68-7,100.0,2347,0.9489307315304358,2.103651230571379
85-68-7,100.0,2347,0.9489307315304358,2.103651230571379
88-85-7,10.0,6950,0.9103602786117097,2.112158741227418
88-85-7,10.0,6950,0.9103602786117097,2.112158741227418
94-26-8,62.5,7184,0.9259619943212208,1.8315573666346605
94-26-8,62.5,7184,0.9259619943212208,1.8315573666346605
94-26-8,62.5,7184,0.9259619943212208,1.8315573666346605
94-26-8,62.5,7184,0.9259619943212208,1.8315573666346605
120-80-9,400.0,289,0.8502604624516688,1.8073672242112495
120-80-9,400.0,289,0.8502604624516688,1.8073672242112495
637-07-0,50.0,2796,0.9750869885100392,2.1586202832935144
637-07-0,50.0,2796,0.9750869885100392,2.1586202832935144
637-07-0,50.0,2796,0.9750869885100392,2.1586202832935144
637-07-0,50.0,2796,0.9750869885100392,2.1586202832935144
50-02-2,3.0,5743,0.9607016854084344,3.012005498203868
96-12-8,15.0,7280,0.9673387420776054,2.834837550102113
106-93-4,37.0,7839,0.9696906083355804,2.428660944626403
106-93-4,37.0,7839,0.9696906083355804,2.428660944626403
56-53-1,1e-08,448537,0.7572803780117532,1.840434869500611
56-53-1,1e-08,448537,0.7572803780117532,1.840434869500611
76-44-8,0.03,3589,0.7513698419262963,1.66833086756873
76-44-8,0.03,3589,0.7513698419262963,1.66833086756873
91-62-3,25.0,7059,0.9792543754267672,2.265247726085147
91-62-3,25.0,7059,0.9792543754267672,2.265247726085147
55-98-1,0.5,2478,0.9668421482846246,2.572255134683179
55-98-1,0.5,2478,0.9668421482846246,2.572255134683179
55-98-1,0.5,2478,0.9668421482846246,2.572255134683179
55-98-1,0.5,2478,0.9668421482846246,2.572255134683179
98-95-3,0.5,7416,0.9868747033451664,2.3639771800727494
98-95-3,0.5,7416,0.9868747033451664,2.3639771800727494
98-95-3,0.5,7416,0.9868747033451664,2.3639771800727494
62-23-7,40.0,6108,0.9838427919024014,2.4187555470545044
62-23-7,40.0,6108,0.9838427919024014,2.4187555470545044
366-70-1,5.0,9703,0.965483169401698,2.2850499895012413
366-70-1,5.0,9703,0.965483169401698,2.2850499895012413
366-70-1,5.0,9703,0.965483169401698,2.2850499895012413
139-40-2,0.2,4937,0.9859763977483657,2.38387329199479
139-40-2,0.2,4937,0.9859763977483657,2.38387329199479
318-98-9,5.0,62882,0.8792890389850976,1.9192421868815732
318-98-9,5.0,62882,0.8792890389850976,1.9192421868815732
110-44-1,1500.0,643460,0.95242955153176,2.191253526182198
110-44-1,1500.0,643460,0.95242955153176,2.191253526182198
110-44-1,1500.0,643460,0.95242955153176,2.191253526182198
1156-19-0,250.0,5503,0.96804272333367,2.4511928842914488
1156-19-0,250.0,5503,0.96804272333367,2.4511928842914488
1156-19-0,250.0,5503,0.96804272333367,2.4511928842914488
1156-19-0,250.0,5503,0.96804272333367,2.4511928842914488
3018-12-0,8.0,18177,0.876670921294145,1.9301229714710828
111-42-2,8.0,8113,0.9170451366720264,2.1618091287920858
111-42-2,8.0,8113,0.9170451366720264,2.1618091287920858
126-73-8,14.5,31357,0.9239828025951172,2.0139961598854548
126-73-8,14.5,31357,0.9239828025951172,2.0139961598854548
1689-84-5,1.5,15531,0.8496133142475609,1.6988901763448576
1689-84-5,1.5,15531,0.8496133142475609,1.6988901763448576
57-83-0,2.5,5994,0.792931075951891,1.782089778123489
57-83-0,2.5,5994,0.792931075951891,1.782089778123489
57-83-0,2.5,5994,0.792931075951891,1.782089778123489
131-57-7,22.5,4632,0.9447596955176236,1.945911313116144
131-57-7,22.5,4632,0.9447596955176236,1.945911313116144
131-57-7,22.5,4632,0.9447596955176236,1.945911313116144
131-57-7,22.5,4632,0.9447596955176236,1.945911313116144
43121-43-3,2.5,39385,0.9225664499641228,1.910165094102285
1861-40-1,16.83,2319,0.9272688163065924,1.972409510206218
1861-40-1,16.83,2319,0.9272688163065924,1.972409510206218
22224-92-6,0.098,31070,0.9464584927232326,1.9824905036422384
81335-37-7,5.0,54739,0.9772169099710803,2.131916922156857
81335-37-7,5.0,54739,0.9772169099710803,2.131916922156857
36734-19-7,6.1,37517,0.9378035467724136,1.9432813733315173
36734-19-7,6.1,37517,0.9378035467724136,1.9432813733315173
85509-19-9,0.4,73675,0.8385403418896518,1.5927513413795351
85509-19-9,0.4,73675,0.8385403418896518,1.5927513413795351
19666-30-9,0.315,29732,0.8190978895970342,1.6722673061584992
19666-30-9,0.315,29732,0.8190978895970342,1.6722673061584992
81335-77-5,125.0,54740,0.9874904976057088,2.828612155030563
81335-77-5,125.0,54740,0.9874904976057088,2.828612155030563
34014-18-1,50.0,5383,0.9569357066231714,2.0768204608884995
34014-18-1,50.0,5383,0.9569357066231714,2.0768204608884995
598-77-6,5.0,11733,0.9885120666172006,2.2279832120683465
3252-43-5,0.005,18617,0.9502665287635006,2.2102531350430388
3252-43-5,0.005,18617,0.9502665287635006,2.2102531350430388
35691-65-7,0.2,61948,0.6903077591177323,1.476785025315834
111-77-3,40.0,8134,0.9994506386254456,2.3427664382515503
102-06-7,16.0,7594,0.9171795098601102,2.037367177000541
102-06-7,16.0,7594,0.9171795098601102,2.037367177000541
102-06-7,16.0,7594,0.9171795098601102,2.037367177000541
123-51-3,0.025,31260,0.991093121280168,2.2820080693783686
111-21-7,4000.0,8098,0.9729437809417882,2.0765133319797977
111-21-7,4000.0,8098,0.9729437809417882,2.0765133319797977
7747-35-5,50.0,82190,0.9836941549504178,2.520231408427658
7747-35-5,50.0,82190,0.9836941549504178,2.520231408427658
98730-04-2,34.84,62306,0.8895712003400896,1.883942177501525
98730-04-2,34.84,62306,0.8895712003400896,1.883942177501525
307-24-4,10.0,67542,0.900729321150651,2.565135143059655
1763-23-1,1.0,74483,0.8716127243444775,1.7514540368952374
3064-70-8,0.8,62478,0.7694481180049486,1.6723979673183345
33629-47-9,10.0,36565,0.9122307807428268,1.6184747471851153
28159-98-0,150.0,91590,0.8255959014990201,1.6678744632513207
41198-08-7,0.005,38779,0.871439299825351,2.071441985222868
2593-15-9,25.0,17432,0.9840789392475316,2.59726454806589
126833-17-8,28.0,213031,0.9131413277242088,1.7384928289553143
16079-88-2,119.9,61828,0.928740744987013,2.340329421785323
2032-65-7,0.75,16248,0.9428560905383746,1.727550313473737
161050-58-4,0.6,105010,0.9021497970621702,2.102732305862265
16484-77-8,25.0,185588,0.9869255172118178,2.112290027160208
87818-31-3,1.5,16004722,0.8912061057788906,1.8227820033779347
23564-06-9,50.0,3032792,0.8510083565937923,1.84940172979874
69806-50-4,0.1,50897,0.9370335792551484,2.230718610109306
188489-07-8,39.0,3083546,0.9740521250436877,2.064791728055725
58594-72-2,5.0,173636,0.8757367965659169,2.0682061917086183
58594-72-2,5.0,173636,0.8757367965659169,2.0682061917086183
1698-60-8,60.0,15546,0.9823983962840096,2.2024833650607967
797-63-7,0.1,13109,0.8900458373638322,2.4231184284507257
797-63-7,0.1,13109,0.8900458373638322,2.4231184284507257
797-63-7,0.1,13109,0.8900458373638322,2.4231184284507257
797-63-7,0.1,13109,0.8900458373638322,2.4231184284507257
15307-79-6,1.0,5018304,0.918025024292378,2.1066011227290224
15307-79-6,1.0,5018304,0.918025024292378,2.1066011227290224
15307-79-6,1.0,5018304,0.918025024292378,2.1066011227290224
29420-49-3,30.0,23675274,0.999458740219212,2.275802687334094
3871-99-6,0.3,23678874,0.9886540987896232,2.072945039070857
71-43-2,25.0,241,0.9601941535412608,2.394505825554497
99607-70-2,30.2,93528,0.8781689219306201,1.6040470795134925
120983-64-4,9.48,119361,0.9641212776363152,1.762828305573456
NOCAS_47265,150.0,9869142,0.9303199392652938,2.1937098191785065
NOCAS_47267,1.0,10132209,0.9188586676940714,2.361925051437956
NOCAS_47342,5.0,60196403,0.7031587075405429,1.5610398768216225
NOCAS_47346,3.0,9842616,0.9141671161305724,2.1072781170292023
742693-38-5,1.0,9954540,0.773474903437347,1.6268717570513689
319460-85-0,1.0,6450551,0.8453644645377967,2.279266562118601
319460-85-0,1.0,6450551,0.8453644645377967,2.279266562118601
628-94-4,1200.0,12364,0.9787252219757696,2.4983374821696733
92-52-4,75.0,7095,0.9521266012756175,2.3289851008257285
92-52-4,75.0,7095,0.9521266012756175,2.3289851008257285
108-60-1,40.1,7944,0.9786269656063988,2.772183413597959
105-60-2,31.0,7768,0.9573822693921296,2.423398333972924
105-60-2,31.0,7768,0.9573822693921296,2.423398333972924
50892-23-4,0.3,5694,0.9407127919132918,1.9743322738629805
50892-23-4,0.3,5694,0.9407127919132918,1.9743322738629805
50892-23-4,0.3,5694,0.9407127919132918,1.9743322738629805
50892-23-4,0.3,5694,0.9407127919132918,1.9743322738629805
108-90-7,60.0,7964,0.9371603012993532,2.394332583578011
80-08-0,30.0,2955,0.986620709615449,2.2593388145251856
80-08-0,30.0,2955,0.986620709615449,2.2593388145251856
80-08-0,30.0,2955,0.986620709615449,2.2593388145251856
80-08-0,30.0,2955,0.986620709615449,2.2593388145251856
72-54-8,42.5,6294,0.6862807796578191,1.5601392614238383
72-54-8,42.5,6294,0.6862807796578191,1.5601392614238383
50-29-3,0.55,3036,0.7488858823501132,1.753614030798925
50-29-3,0.55,3036,0.7488858823501132,1.753614030798925
50-29-3,0.55,3036,0.7488858823501132,1.753614030798925
50-29-3,0.55,3036,0.7488858823501132,1.753614030798925
95-80-7,3.95,7261,0.9258400237334008,1.80414023516523
95-80-7,3.95,7261,0.9258400237334008,1.80414023516523
115-32-2,0.12,8268,0.7355536211798471,1.5970984957098753
2921-88-2,0.01,2730,0.8754074020245038,1.8068491853282505
2921-88-2,0.01,2730,0.8754074020245038,1.8068491853282505
123-91-1,240.0,31275,0.9807093933305262,2.548476116377932
147-24-0,7.0,8980,0.9133102305419314,1.982356511987697
147-24-0,7.0,8980,0.9133102305419314,1.982356511987697
147-24-0,7.0,8980,0.9133102305419314,1.982356511987697
140-88-5,25.0,8821,0.9855328850787384,2.583805396145724
72-56-0,375.0,6295,0.8861104521268212,1.86243493634488
72-56-0,375.0,6295,0.8861104521268212,1.86243493634488
556-52-5,19.0,11164,0.9527691196772432,2.3253914700487552
556-52-5,19.0,11164,0.9527691196772432,2.3253914700487552
121-75-5,4.0,4004,0.9479645306118868,2.0483113922740808
121-75-5,4.0,4004,0.9479645306118868,2.0483113922740808
121-75-5,4.0,4004,0.9479645306118868,2.0483113922740808
60-56-0,1.5,1349907,0.944904151467292,2.403911363299936
60-56-0,1.5,1349907,0.944904151467292,2.403911363299936
60-56-0,1.5,1349907,0.944904151467292,2.403911363299936
60-56-0,1.5,1349907,0.944904151467292,2.403911363299936
59-05-2,0.5,126941,0.8931245237088266,3.2531799186378243
59-05-2,0.5,126941,0.8931245237088266,3.2531799186378243
59-05-2,0.5,126941,0.8931245237088266,3.2531799186378243
99-55-8,2.5,7444,0.950338404459658,2.093432067837998
99-55-8,2.5,7444,0.950338404459658,2.093432067837998
117-39-5,40.0,5280343,0.8360432325369336,1.7325809224762156
117-39-5,40.0,5280343,0.8360432325369336,1.7325809224762156
122-34-9,3.64,5216,0.9719390889153656,2.5227211840497485
122-34-9,3.64,5216,0.9719390889153656,2.5227211840497485
122-34-9,3.64,5216,0.9719390889153656,2.5227211840497485
122-34-9,3.64,5216,0.9719390889153656,2.5227211840497485
112-27-6,4.0,8172,0.9919938150415192,2.392936517535863
112-27-6,4.0,8172,0.9919938150415192,2.392936517535863
112-27-6,4.0,8172,0.9919938150415192,2.392936517535863
1582-09-8,0.75,5569,0.9835063845205344,1.9993685588522736
1582-09-8,0.75,5569,0.9835063845205344,1.9993685588522736
57-13-6,225.0,1176,0.9394536742441596,2.2443973209368444
57-13-6,225.0,1176,0.9394536742441596,2.2443973209368444
57-13-6,225.0,1176,0.9394536742441596,2.2443973209368444
59-50-7,10.0,1732,0.9665533989030568,2.173082345267761
59-50-7,10.0,1732,0.9665533989030568,2.173082345267761
59-50-7,10.0,1732,0.9665533989030568,2.173082345267761
59-50-7,10.0,1732,0.9665533989030568,2.173082345267761
100-64-1,132.0,7517,0.9643663897293646,2.020572139258247
100-64-1,132.0,7517,0.9643663897293646,2.020572139258247
110-65-6,80.0,8066,0.928396236765456,2.1538336264830926
110-65-6,80.0,8066,0.928396236765456,2.1538336264830926
122-39-4,10.0,11487,0.878848035161535,1.6982174662795242
122-39-4,10.0,11487,0.878848035161535,1.6982174662795242
314-40-9,1.96,9411,0.9911818386458128,2.275236109644016
50471-44-8,2.0,39676,0.8784721784490824,1.8146870930902963
50471-44-8,2.0,39676,0.8784721784490824,1.8146870930902963
51218-45-2,29.42,4169,0.9341832308546366,1.8864071920172183
51218-45-2,29.42,4169,0.9341832308546366,1.8864071920172183
99-76-3,250.0,7456,0.945081172525282,2.3131551170608278
99-76-3,250.0,7456,0.945081172525282,2.3131551170608278
99-76-3,250.0,7456,0.945081172525282,2.3131551170608278
99-76-3,250.0,7456,0.945081172525282,2.3131551170608278
298-46-4,15.0,2554,0.9789190121206868,2.2646902760296674
298-46-4,15.0,2554,0.9789190121206868,2.2646902760296674
298-46-4,15.0,2554,0.9789190121206868,2.2646902760296674
298-46-4,15.0,2554,0.9789190121206868,2.2646902760296674
4759-48-2,4.0,5282379,0.7380916891937146,1.8779542778491285
51-98-9,0.289,5832,0.5252812114257898,3.160443878111296
1918-00-9,11.0,3030,0.9928876066006458,2.503642839764616
1918-00-9,11.0,3030,0.9928876066006458,2.503642839764616
822-06-0,0.00025,13192,0.9732221778482923,2.282707992393338
822-06-0,0.00025,13192,0.9732221778482923,2.282707992393338
51235-04-2,5.1,39965,0.988527384869718,2.3274822756512856
51235-04-2,5.1,39965,0.988527384869718,2.3274822756512856
94-74-6,0.2,7204,0.9751152751932964,2.045079345476624
94-74-6,0.2,7204,0.9751152751932964,2.045079345476624
67747-09-5,0.9,73665,0.8586891226248442,1.788672910833132
67747-09-5,0.9,73665,0.8586891226248442,1.788672910833132
7287-19-6,3.75,4929,0.9328812212862648,1.8987233769891456
7287-19-6,3.75,4929,0.9328812212862648,1.8987233769891456
1918-16-7,0.625,4931,0.7986784584255888,1.6939408547075363
1918-16-7,0.625,4931,0.7986784584255888,1.6939408547075363
2312-35-8,2.0,4936,0.7869298136514683,2.1199601056594437
2312-35-8,2.0,4936,0.7869298136514683,2.1199601056594437
95-95-4,300.0,7271,0.8432444189689517,1.7248651301211964
95-95-4,300.0,7271,0.8432444189689517,1.7248651301211964
95-95-4,300.0,7271,0.8432444189689517,1.7248651301211964
10605-21-7,11.3,25429,0.8955694563810687,2.063648318491739
10605-21-7,11.3,25429,0.8955694563810687,2.063648318491739
118-52-5,100.0,8360,0.9850324027744,2.167072192394057
118-52-5,100.0,8360,0.9850324027744,2.167072192394057
151-67-7,0.625,3562,0.9834760785581748,2.898672732530457
151-67-7,0.625,3562,0.9834760785581748,2.898672732530457
151-67-7,0.625,3562,0.9834760785581748,2.898672732530457
88-72-2,25.0,6944,0.945180883174201,2.2460393460354613
88-72-2,25.0,6944,0.945180883174201,2.2460393460354613
2687-25-4,100.0,17593,0.9183885030627822,1.743341165928709
2687-25-4,100.0,17593,0.9183885030627822,1.743341165928709
5915-41-3,1.0,22206,0.9033521604583749,1.9261854500407367
119446-68-3,1.0,86173,0.7891572896158942,1.7202224189366009
104653-34-1,0.002,91771,0.8375277522225366,2.106127423232073
87674-68-8,33.6,91744,0.9181049641150324,1.84079010957436
87674-68-8,33.6,91744,0.9181049641150324,1.84079010957436
298-02-2,0.01,4790,0.917658557930198,2.161080506479124
128639-02-1,10.0,86222,0.9325868524856892,1.789993052962825
13194-48-4,0.025,3289,0.999427647196974,2.269911281581477
122-14-5,0.25,31200,0.8906944083214607,2.003905077593018
98967-40-9,0.0,91759,0.9828050101868306,2.426662824114921
112226-61-6,11.5,114994,0.931548262753863,2.054381187023834
66230-04-4,7.5,10342051,0.8554743399988708,1.7904525444935306
125116-23-6,32.0,86210,0.829462110888339,1.6450397810461883
145701-21-9,50.0,3081304,0.9681424801195294,1.7538510265615876
2491-38-5,20.0,4964,0.8065262430633567,1.6169315292770043
67564-91-4,0.2,93365,0.8222396192809159,1.8204328933101337
120068-37-3,0.019,3352,0.7859181924727114,1.8421171503611569
120068-37-3,0.019,3352,0.7859181924727114,1.8421171503611569
120068-37-3,0.019,3352,0.7859181924727114,1.8421171503611569
79983-71-4,0.47,66461,0.7147665221766326,1.4944711572534166
213464-77-8,635.0,11091168,0.97728041381397,2.3834712513946963
178928-70-6,10.0,6451142,0.915213916575487,1.6546046188191164
112410-23-8,0.8,91773,0.8935206646142172,1.986658320635188
81-49-2,150.0,6681,0.9673790149967756,2.965858462776149
186392-65-4,50.0,6451325,0.8847456560331695,1.7351437108639565
220860-50-4,1.0,9831581,0.927669862922358,1.862519520294776
NOCAS_47333,5.0,9951932,0.947516856170339,2.7865470366933893
1061517-62-1,10.0,44578765,0.8079658648796747,1.5864284372478423
181640-09-5,20.0,60196402,0.8818582401862313,1.825027306377708
NOCAS_47381,50.0,11477651,0.6099025004796423,1.630124061714903
NOCAS_47383,10.0,60196409,0.8850800197812088,2.6183473125736856
79-06-1,0.1,6579,0.9817413190069229,2.225766647162013
79-06-1,0.1,6579,0.9817413190069229,2.225766647162013
107-13-1,2.5,7855,0.9813069639223174,2.333837057485824
107-13-1,2.5,7855,0.9813069639223174,2.333837057485824
50-81-7,1250.0,54670067,0.9608886727341434,2.589405013610158
50-81-7,1250.0,54670067,0.9608886727341434,2.589405013610158
50-81-7,1250.0,54670067,0.9608886727341434,2.589405013610158
50-81-7,1250.0,54670067,0.9608886727341434,2.589405013610158
50-81-7,1250.0,54670067,0.9608886727341434,2.589405013610158
50-78-2,50.0,2244,0.9842733214157768,2.4975659782009223
50-78-2,50.0,2244,0.9842733214157768,2.4975659782009223
50-78-2,50.0,2244,0.9842733214157768,2.4975659782009223
50-78-2,50.0,2244,0.9842733214157768,2.4975659782009223
100-51-6,200.0,244,0.9892004127949728,2.557600051266584
100-51-6,200.0,244,0.9892004127949728,2.557600051266584
100-51-6,200.0,244,0.9892004127949728,2.557600051266584
120-32-1,0.0,8425,0.7208324509202095,1.5605686091892943
120-32-1,0.0,8425,0.7208324509202095,1.5605686091892943
120-32-1,0.0,8425,0.7208324509202095,1.5605686091892943
120-32-1,0.0,8425,0.7208324509202095,1.5605686091892943
95-83-0,250.0,7263,0.8399633094835371,1.8286595731080773
95-83-0,250.0,7263,0.8399633094835371,1.8286595731080773
427-51-0,120.0,9880,0.8355262667847594,1.998022771629615
427-51-0,120.0,9880,0.8355262667847594,1.998022771629615
427-51-0,120.0,9880,0.8355262667847594,1.998022771629615
427-51-0,120.0,9880,0.8355262667847594,1.998022771629615
62-73-7,0.0002765,3039,0.9276896386274776,2.403227798327403
62-73-7,0.0002765,3039,0.9276896386274776,2.403227798327403
62-73-7,0.0002765,3039,0.9276896386274776,2.403227798327403
62-73-7,0.0002765,3039,0.9276896386274776,2.403227798327403
6381-77-7,1666.67,23683938,0.9900524888761104,2.500129614097877
57-63-6,0.00012,5991,0.8671645091657268,2.1679053375529715
57-63-6,0.00012,5991,0.8671645091657268,2.1679053375529715
57-63-6,0.00012,5991,0.8671645091657268,2.1679053375529715
57-63-6,0.00012,5991,0.8671645091657268,2.1679053375529715
96-45-7,1.25,2723650,0.9813835663458012,2.3558209801890477
96-45-7,1.25,2723650,0.9813835663458012,2.3558209801890477
104-76-7,50.0,7720,0.9653996040318776,2.367489213028376
104-76-7,50.0,7720,0.9653996040318776,2.367489213028376
117-81-7,0.25,8343,0.9569609397949864,2.229766405148633
148-24-3,73.0,1923,0.7026545375733864,2.3449355662492537
148-24-3,73.0,1923,0.7026545375733864,2.3449355662492537
148-24-3,73.0,1923,0.7026545375733864,2.3449355662492537
75330-75-5,30.0,53232,0.8078634558819454,1.825782946165925
75330-75-5,30.0,53232,0.8078634558819454,1.825782946165925
75330-75-5,30.0,53232,0.8078634558819454,1.825782946165925
75330-75-5,30.0,53232,0.8078634558819454,1.825782946165925
950-37-8,0.46,13709,0.9186061067041412,1.8637886266271204
101-61-1,7.25,7567,0.9140872723080056,1.887969192800592
101-61-1,7.25,7567,0.9140872723080056,1.887969192800592
2058-46-0,125.0,54680782,0.930276902615484,1.8672086002922448
2058-46-0,125.0,54680782,0.930276902615484,1.8672086002922448
2058-46-0,125.0,54680782,0.930276902615484,1.8672086002922448
50-06-6,4.6,4763,0.992633023446986,2.4835816258050096
50-06-6,4.6,4763,0.992633023446986,2.4835816258050096
108-95-2,13.5,996,0.9911296088419282,2.403308957590907
108-95-2,13.5,996,0.9911296088419282,2.403308957590907
108-95-2,13.5,996,0.9911296088419282,2.403308957590907
108-95-2,13.5,996,0.9911296088419282,2.403308957590907
121-79-9,300.0,4947,0.850857919660742,1.8089093023373384
121-79-9,300.0,4947,0.850857919660742,1.8089093023373384
121-79-9,300.0,4947,0.850857919660742,1.8089093023373384
51-52-5,0.1,657298,0.9570128421673112,2.3735905456302064
51-52-5,0.1,657298,0.9570128421673112,2.3735905456302064
51-52-5,0.1,657298,0.9570128421673112,2.3735905456302064
51-52-5,0.1,657298,0.9570128421673112,2.3735905456302064
137-26-8,0.84,5455,0.6824582329174717,2.687226985368369
137-26-8,0.84,5455,0.6824582329174717,2.687226985368369
137-26-8,0.84,5455,0.6824582329174717,2.687226985368369
137-26-8,0.84,5455,0.6824582329174717,2.687226985368369
58-55-9,7.5,2153,0.9870355654107056,2.4902588706656594
58-55-9,7.5,2153,0.9870355654107056,2.4902588706656594
58-55-9,7.5,2153,0.9870355654107056,2.4902588706656594
58-55-9,7.5,2153,0.9870355654107056,2.4902588706656594
79-00-5,46.0,6574,0.9490326069741588,2.2162192599595736
88-06-2,80.0,6914,0.9097084643401524,2.0124390335809417
88-06-2,80.0,6914,0.9097084643401524,2.0124390335809417
115-96-8,44.0,8295,0.9545107751304692,2.444888958683596
115-96-8,44.0,8295,0.9545107751304692,2.444888958683596
73-22-3,3750.0,6305,0.981837966031493,2.14717009931406
73-22-3,3750.0,6305,0.981837966031493,2.14717009931406
95-57-8,25.0,7245,0.9821814755576188,2.214797426966321
95-57-8,25.0,7245,0.9821814755576188,2.214797426966321
77-71-4,100.0,6491,0.9819358561492796,2.352946211784952
77-71-4,100.0,6491,0.9819358561492796,2.352946211784952
99-08-1,46.0,7422,0.9664580220925876,2.708767259359886
99-08-1,46.0,7422,0.9664580220925876,2.708767259359886
100-37-8,1.25,7497,0.9745764098339066,2.453480872063134
100-37-8,1.25,7497,0.9745764098339066,2.453480872063134
446-72-0,5.0,5280961,0.928027028824932,1.935484501615252
446-72-0,5.0,5280961,0.928027028824932,1.935484501615252
446-72-0,5.0,5280961,0.928027028824932,1.935484501615252
446-72-0,5.0,5280961,0.928027028824932,1.935484501615252
84371-65-3,150.0,55245,0.8364719367440818,2.176539136804584
84371-65-3,150.0,55245,0.8364719367440818,2.176539136804584
84371-65-3,150.0,55245,0.8364719367440818,2.176539136804584
99-99-0,40.0,7473,0.9837316419297034,2.4461215481521528
99-99-0,40.0,7473,0.9837316419297034,2.4461215481521528
33089-61-1,1.0,36324,0.8397471840383384,1.7872012333050993
33089-61-1,1.0,36324,0.8397471840383384,1.7872012333050993
33089-61-1,1.0,36324,0.8397471840383384,1.7872012333050993
33089-61-1,1.0,36324,0.8397471840383384,1.7872012333050993
17804-35-2,12.5,28780,0.8514786436251555,1.847424684826255
17804-35-2,12.5,28780,0.8514786436251555,1.847424684826255
12789-03-6,0.045,5993,0.6730960056703406,1.5604276098588497
1445-75-6,261.73,3073,0.9723469199207384,2.300645226668589
1445-75-6,261.73,3073,0.9723469199207384,2.300645226668589
77-78-1,0.035,6497,0.9955549615202344,2.26990003963254
77-78-1,0.035,6497,0.9955549615202344,2.26990003963254
109-86-4,16.0,8019,0.9690008973097208,2.827888963898483
15299-99-7,50.0,27189,0.8875682664416479,1.961220850716144
15299-99-7,50.0,27189,0.8875682664416479,1.961220850716144
732-11-6,1.0,12901,0.9061732545134464,2.142989249401833
732-11-6,1.0,12901,0.9061732545134464,2.142989249401833
732-11-6,1.0,12901,0.9061732545134464,2.142989249401833
732-11-6,1.0,12901,0.9061732545134464,2.142989249401833
2303-17-5,1.5,5543,0.9136757223102608,1.8708750846786837
2303-17-5,1.5,5543,0.9136757223102608,1.8708750846786837
64-86-8,0.4,6167,0.8812910543712211,3.650154011023409
64-86-8,0.4,6167,0.8812910543712211,3.650154011023409
64-86-8,0.4,6167,0.8812910543712211,3.650154011023409
64-86-8,0.4,6167,0.8812910543712211,3.650154011023409
84-61-7,17.84,6777,0.8442147654837593,1.612133976449125
629-14-1,100.0,12375,0.9894698352706418,2.6376156523015126
93-15-2,10.0,7127,0.9725423117663342,2.1779280595967663
93-15-2,10.0,7127,0.9725423117663342,2.1779280595967663
131-18-0,0.76,8561,0.9250898385364316,1.9443552837738252
131-18-0,0.76,8561,0.9250898385364316,1.9443552837738252
64359-81-5,10.0,91688,0.7335514959975276,1.9500221584362127
10222-01-2,9.546,25059,0.8911136544304438,2.189775974637779
1194-65-6,1.25,3031,0.991536535014256,2.207682030846512
138261-41-3,16.9,86418,0.972146980479112,2.6803630623274763
138261-41-3,16.9,86418,0.972146980479112,2.6803630623274763
138261-41-3,16.9,86418,0.972146980479112,2.6803630623274763
138261-41-3,16.9,86418,0.972146980479112,2.6803630623274763
3380-34-5,6.48,5564,0.6234851517460489,1.5676793993019384
3380-34-5,6.48,5564,0.6234851517460489,1.5676793993019384
3380-34-5,6.48,5564,0.6234851517460489,1.5676793993019384
2634-33-5,10.0,17520,0.6829718584970575,1.6386568025910946
149877-41-8,0.9,176879,0.8397594417211965,1.631602463415348
96489-71-3,0.26,91754,0.8524236276661533,3.020819322661278
64700-56-7,30.0,47455,0.9446254925787986,2.1149885804387254
113136-77-9,1.3,11097730,0.8522266283865761,1.814097525242786
26644-46-2,11.4,33565,0.9350704167966072,1.9648121462948736
104-40-5,15.0,1752,0.7921564332640687,1.6602599269622942
104-40-5,15.0,1752,0.7921564332640687,1.6602599269622942
104098-48-8,137.0,91770,0.9478752282728536,2.431369422166339
81406-37-3,600.0,54745,0.9165862710371732,1.5618786450707325
141112-29-0,5.0,84098,0.986586795703458,2.184184558571043
116714-46-6,1.4,93541,0.8045336153880135,2.6219598056087787
68359-37-5,2.3,104926,0.807354593033791,1.82422808633914
6190-65-4,25.0,22563,0.9686746033911192,2.3216437329569897
5471-51-2,65.0,21648,0.9837784708469252,2.105206491468812
335104-84-2,0.8,11556911,0.9798561980035656,2.285739174290966
NOCAS_47291,1.0,9843744,0.9368654162028224,2.182326830185348
291305-06-1,5.0,9908126,0.7050635278591094,1.5329422490162523
NOCAS_47299,10.0,60196413,0.960058727757058,2.2565463473607448
180084-01-9,10.0,10483134,0.5974563851671615,1.7206027688250924
219790-72-4,30.0,9931156,0.8758475946587465,2.279192443804693
NOCAS_47374,300.0,10201497,0.8373505154201979,1.8454441628471088
648917-13-9,1.0,12148754,0.970265349090234,2.3511678829498064
99-57-0,125.0,3613389,0.8735486401371144,1.7033125163177183
99-57-0,125.0,3613389,0.8735486401371144,1.7033125163177183
117-79-3,100.0,8341,0.9192580401352604,2.1283969565730536
117-79-3,100.0,8341,0.9192580401352604,2.1283969565730536
271-89-6,30.0,9223,0.9906067601379552,2.269763075608925
65-85-0,642.0,243,0.9678635915277184,2.6204320596595294
65-85-0,642.0,243,0.9678635915277184,2.6204320596595294
95-14-7,335.0,7220,0.9572342878664376,2.129675326015685
95-14-7,335.0,7220,0.9572342878664376,2.129675326015685
1948-33-0,200.0,16043,0.8798803073773939,1.7129499827205734
1948-33-0,200.0,16043,0.8798803073773939,1.7129499827205734
1948-33-0,200.0,16043,0.8798803073773939,1.7129499827205734
1948-33-0,200.0,16043,0.8798803073773939,1.7129499827205734
96-48-0,10.0,7302,0.9680698941399816,2.482420402818593
96-48-0,10.0,7302,0.9680698941399816,2.482420402818593
108-94-1,100.0,7967,0.99084011163181,2.499801542699415
108-94-1,100.0,7967,0.99084011163181,2.499801542699415
95-50-1,30.0,7239,0.9753850757250514,2.235819781267297
95-50-1,30.0,7239,0.9753850757250514,2.235819781267297
95-50-1,30.0,7239,0.9753850757250514,2.235819781267297
107-06-2,18.0,11,0.9800620085157908,2.501129651883601
828-00-2,31.0,13232,0.9758555375022464,2.575154152265807
828-00-2,31.0,13232,0.9758555375022464,2.575154152265807
68-12-2,3.75,6228,0.981656919171314,2.485101616739344
68-12-2,3.75,6228,0.981656919171314,2.485101616739344
72-20-8,0.125,12358480,0.833770870860104,1.855700074787415
72-20-8,0.125,12358480,0.833770870860104,1.855700074787415
100-97-0,31.0,4101,0.9743214912345624,2.8358978671129567
100-97-0,31.0,4101,0.9743214912345624,2.8358978671129567
100-97-0,31.0,4101,0.9743214912345624,2.8358978671129567
100-97-0,31.0,4101,0.9743214912345624,2.8358978671129567
628-02-4,750.0,12332,0.974881566789332,2.7744978528398283
628-02-4,750.0,12332,0.974881566789332,2.7744978528398283
628-02-4,750.0,12332,0.974881566789332,2.7744978528398283
108-78-1,75.0,7955,0.9803898346418782,2.72191454610712
872-50-4,25.0,13387,0.953083964834179,2.497942506852474
872-50-4,25.0,13387,0.953083964834179,2.497942506852474
139-13-9,375.0,8758,0.9766428824981768,2.365627013919056
139-13-9,375.0,8758,0.9766428824981768,2.365627013919056
86-30-6,50.0,6838,0.9753663857322928,2.311008609361035
86-30-6,50.0,6838,0.9753663857322928,2.311008609361035
23135-22-0,0.5,31657,0.9383102429250229,2.232560587530202
23135-22-0,0.5,31657,0.9383102429250229,2.232560587530202
127-47-9,8.6,638034,0.8649377618965443,1.7229601139134771
127-47-9,8.6,638034,0.8649377618965443,1.7229601139134771
127-47-9,8.6,638034,0.8649377618965443,1.7229601139134771
127-47-9,8.6,638034,0.8649377618965443,1.7229601139134771
83-79-4,0.75,6758,0.8106013623037709,2.779835350364901
83-79-4,0.75,6758,0.8106013623037709,2.779835350364901
83-79-4,0.75,6758,0.8106013623037709,2.779835350364901
83-79-4,0.75,6758,0.8106013623037709,2.779835350364901
64-75-5,440.0,54704426,0.9068609053568492,1.9074423716972333
64-75-5,440.0,54704426,0.9068609053568492,1.9074423716972333
64-75-5,440.0,54704426,0.9068609053568492,1.9074423716972333
76-25-5,0.5,6436,0.962943685154342,2.918221630289221
76-25-5,0.5,6436,0.962943685154342,2.918221630289221
76-25-5,0.5,6436,0.962943685154342,2.918221630289221
76-25-5,0.5,6436,0.962943685154342,2.918221630289221
95-63-6,1.25,7247,0.9777356511950188,2.421398855706255
95-63-6,1.25,7247,0.9777356511950188,2.421398855706255
141-43-5,50.0,700,0.9927388153347756,2.332227823598481
541-73-1,9.0,10943,0.9460807834091328,2.115497813984344
541-73-1,9.0,10943,0.9460807834091328,2.115497813984344
1610-18-0,23.3,4928,0.9816268604176616,2.282611780948497
1610-18-0,23.3,4928,0.9816268604176616,2.282611780948497
789-02-6,10.0,13089,0.7335745970758881,1.8734968523776527
789-02-6,10.0,13089,0.7335745970758881,1.8734968523776527
104-51-8,30.0,7705,0.9849957527693076,2.720765798901677
50-22-6,10.0,5753,0.9349615594432762,2.52529583473338
50-22-6,10.0,5753,0.9349615594432762,2.52529583473338
50-22-6,10.0,5753,0.9349615594432762,2.52529583473338
50-22-6,10.0,5753,0.9349615594432762,2.52529583473338
121-54-0,0.15,8478,0.6551066431682662,1.7155099754775571
121-54-0,0.15,8478,0.6551066431682662,1.7155099754775571
121-54-0,0.15,8478,0.6551066431682662,1.7155099754775571
74223-64-6,25.0,52999,0.9567209456801196,2.6684225788087512
66215-27-8,0.75,47866,0.9507940670527152,2.503278612156302
66215-27-8,0.75,47866,0.9507940670527152,2.503278612156302
66215-27-8,0.75,47866,0.9507940670527152,2.503278612156302
66215-27-8,0.75,47866,0.9507940670527152,2.503278612156302
57837-19-1,1.88,42586,0.9680580503735368,2.2949268170601544
57837-19-1,1.88,42586,0.9680580503735368,2.2949268170601544
57837-19-1,1.88,42586,0.9680580503735368,2.2949268170601544
57837-19-1,1.88,42586,0.9680580503735368,2.2949268170601544
10265-92-6,0.05,4096,0.9895414707070136,2.3746588656949887
10265-92-6,0.05,4096,0.9895414707070136,2.3746588656949887
21087-64-9,0.625,30479,0.9898053581747676,2.535198200535449
21087-64-9,0.625,30479,0.9898053581747676,2.535198200535449
2212-67-1,0.3,16653,0.9724591670940989,2.139364254523465
2212-67-1,0.3,16653,0.9724591670940989,2.139364254523465
28249-77-6,2.0,34192,0.879261433363074,2.2006081413874257
28249-77-6,2.0,34192,0.879261433363074,2.2006081413874257
14371-10-9,100.0,637511,0.9641245953090588,2.252091651782673
14371-10-9,100.0,637511,0.9641245953090588,2.252091651782673
14371-10-9,100.0,637511,0.9641245953090588,2.252091651782673
5392-40-5,60.0,8843,0.9459477094295224,2.141724611649564
5392-40-5,60.0,8843,0.9459477094295224,2.141724611649564
96-23-1,30.0,7289,0.9921246046732426,2.2684614073843754
96-23-1,30.0,7289,0.9921246046732426,2.2684614073843754
84-75-3,250.0,6786,0.9121420258140664,2.157431051328609
84-75-3,250.0,6786,0.9121420258140664,2.157431051328609
111-30-8,0.0025,3485,0.9023018257807296,2.154136088435556
111-30-8,0.0025,3485,0.9023018257807296,2.154136088435556
111-30-8,0.0025,3485,0.9023018257807296,2.154136088435556
127-07-1,2000.0,3657,0.9573854609787747,2.3824684841935952
127-07-1,2000.0,3657,0.9573854609787747,2.3824684841935952
127-07-1,2000.0,3657,0.9573854609787747,2.3824684841935952
51-30-9,20.0,5807,0.9336800355443464,2.8941441224273654
51-30-9,20.0,5807,0.9336800355443464,2.8941441224273654
123-35-3,250.0,31253,0.8579352112813349,2.010409168746509
100-21-0,5818.5,7489,0.9917360592044324,2.6266130510746004
100-21-0,5818.5,7489,0.9917360592044324,2.6266130510746004
108-67-8,15.0,7947,0.9867066034171572,2.598382527640422
108-67-8,15.0,7947,0.9867066034171572,2.598382527640422
5598-13-0,0.0816,21803,0.9081452586301452,1.7337061574969888
105512-06-9,0.324,92431,0.9447375881957764,2.289008983202845
1134-23-2,2.4,14337,0.9779334895714208,2.37833165235609
87392-12-9,31.1,11140605,0.8382604073379192,1.7808005612185076
643-79-8,0.005,4807,0.8493943757892922,1.906198871134913
643-79-8,0.005,4807,0.8493943757892922,1.906198871134913
643-79-8,0.005,4807,0.8493943757892922,1.906198871134913
113-48-4,33.7,8227,0.8294871457937454,1.660890327828809
84087-01-4,34.5,91739,0.982729949162308,2.329967319393939
122836-35-5,0.0,86369,0.9546212810162388,2.374240556010176
21564-17-0,38.4,30692,0.7584001247331473,1.6278430151900332
7696-12-0,0.6,83975,0.8734262923617233,1.901492468452692
7696-12-0,0.6,83975,0.8734262923617233,1.901492468452692
7696-12-0,0.6,83975,0.8734262923617233,1.901492468452692
52-01-7,100.0,5833,0.8760928000046091,1.9597917220240917
52-01-7,100.0,5833,0.8760928000046091,1.9597917220240917
188425-85-6,0.0,213013,0.9252058464062698,1.877275448419676
111991-09-4,15.0,73281,0.9860960252765396,2.400126097646168
25606-41-1,22.75,15575641,0.983615889765738,2.436173853914533
650-51-1,4.1,23681045,0.9910992206462466,2.6506925836503887
135590-91-9,57.6,10937610,0.9433026062593808,1.7286563082582571
584-03-2,300.0,11429,0.982461150174904,2.402730302317715
103112-35-2,320.0,3033865,0.6390718425335961,1.5749316856637348
122454-29-9,0.07,183559,0.8864887818897592,2.531187816108959
93-92-5,500.0,62341,0.9803040521571644,2.624353867578209
83121-18-0,1.3,91734,0.9471329668440076,2.308174446959487
289716-94-5,2.0,9861124,0.7762012861549257,1.5856372335819289
445295-04-5,5.0,9955578,0.9908340783244924,2.17031068506509
478149-53-0,5.0,9930121,0.9471450753461638,2.33379971669334
123122-55-4,120.0,5362417,0.9720673575263769,1.804572814536094
NOCAS_47311,250.0,53257735,0.8107406953447239,1.9510880279968388
444610-91-7,5.0,10233356,0.6773771062862834,1.6956034423956283
184653-84-7,20.0,193943,0.976004056530814,2.0578106924652357
139290-65-6,3.0,5311271,0.9432599716138756,2.299237948019192
221671-62-1,0.5,60196406,0.6990097775741981,1.752711047087376
60-35-5,1180.0,178,0.9907675686691026,2.143244863757548
75-05-8,275.0,6342,0.9909677486361872,2.952981572394574
80-05-7,0.03,6623,0.9245517453799736,1.7458642007730971
80-05-7,0.03,6623,0.9245517453799736,1.7458642007730971
25013-16-5,10.0,8456,0.9255846431275192,2.0724138228948976
91-64-5,13.0,323,0.9729503455049356,2.3507238509951653
91-64-5,13.0,323,0.9729503455049356,2.3507238509951653
91-64-5,13.0,323,0.9729503455049356,2.3507238509951653
91-64-5,13.0,323,0.9729503455049356,2.3507238509951653
131-17-9,50.0,8560,0.9635943871763843,2.333654315720481
131-17-9,50.0,8560,0.9635943871763843,2.333654315720481
60-51-5,0.25,3082,0.9762853508621508,2.3065639379659824
60-51-5,0.25,3082,0.9762853508621508,2.3065639379659824
75-60-5,0.73,2513,0.9039172040586054,1.819696698558243
319-85-7,6.25,727,0.8974397181594786,1.757920261660678
319-85-7,6.25,727,0.8974397181594786,1.757920261660678
122-66-7,2.0,31222,0.934909935955226,1.8475555510225703
122-66-7,2.0,31222,0.934909935955226,1.8475555510225703
123-31-9,25.0,785,0.8296604529578342,1.779431685499573
123-31-9,25.0,785,0.8296604529578342,1.779431685499573
123-31-9,25.0,785,0.8296604529578342,1.779431685499573
123-31-9,25.0,785,0.8296604529578342,1.779431685499573
67-63-0,480.0,3776,0.8630567986827532,2.0017506144600064
67-63-0,480.0,3776,0.8630567986827532,2.0017506144600064
101-21-3,5.0,2728,0.9041340740667282,2.0509213720377257
101-21-3,5.0,2728,0.9041340740667282,2.0509213720377257
66-27-3,20.0,4156,0.9811134797563194,2.4105214349542363
66-27-3,20.0,4156,0.9811134797563194,2.4105214349542363
2385-85-5,0.007,16945,0.9437870183516496,2.625165993058796
67-20-9,30.0,4509,0.8637515284543368,1.795309271285187
67-20-9,30.0,4509,0.8637515284543368,1.795309271285187
67-20-9,30.0,4509,0.8637515284543368,1.795309271285187
67-20-9,30.0,4509,0.8637515284543368,1.795309271285187
62-75-9,0.0666667,6124,0.9742622711767368,2.3576988409448267
62-75-9,0.0666667,6124,0.9742622711767368,2.3576988409448267
56-38-2,0.0024,991,0.9716745174339074,2.3738276913808565
56-38-2,0.0024,991,0.9716745174339074,2.3738276913808565
87-86-5,1.5,992,0.8474284111864012,1.928397693463607
87-86-5,1.5,992,0.8474284111864012,1.928397693463607
50-55-5,0.06,5770,0.836667512218952,1.8042325457515327
50-55-5,0.06,5770,0.836667512218952,1.8042325457515327
50-55-5,0.06,5770,0.836667512218952,1.8042325457515327
50-55-5,0.06,5770,0.836667512218952,1.8042325457515327
302-79-4,0.05,444795,0.8344376553480677,2.1078744871724444
302-79-4,0.05,444795,0.8344376553480677,2.1078744871724444
302-79-4,0.05,444795,0.8344376553480677,2.1078744871724444
302-79-4,0.05,444795,0.8344376553480677,2.1078744871724444
79-34-5,20.0,6591,0.9809793689159408,2.412741044227218
108-88-3,50.0,1140,0.9380185191982706,2.59007269630562
108-88-3,50.0,1140,0.9380185191982706,2.59007269630562
622-51-5,100.0,12148,0.99136341363046,2.653482092433089
84-66-2,0.031,6781,0.9438822423539944,2.285108440671557
84-66-2,0.031,6781,0.9438822423539944,2.285108440671557
84-66-2,0.031,6781,0.9438822423539944,2.285108440671557
88-30-2,24.9,6931,0.7944179648658476,1.7558187631798607
114-26-1,1.75,4944,0.940209029981988,2.2205795258797347
114-26-1,1.75,4944,0.940209029981988,2.2205795258797347
786-19-6,0.125,13081,0.8847242167001067,2.3131682601506105
786-19-6,0.125,13081,0.8847242167001067,2.3131682601506105
2008-58-4,30.0,16183,0.9544594971559583,2.116442931033027
10453-86-8,25.0,5053,0.8380984950758991,1.7858151627264112
10453-86-8,25.0,5053,0.8380984950758991,1.7858151627264112
97-54-1,37.5,7338,0.9408763270678898,2.2550295938668588
97-54-1,37.5,7338,0.9408763270678898,2.2550295938668588
97-54-1,37.5,7338,0.9408763270678898,2.2550295938668588
97-54-1,37.5,7338,0.9408763270678898,2.2550295938668588
125-33-7,20.0,4909,0.9916072208803915,2.4863483385447087
125-33-7,20.0,4909,0.9916072208803915,2.4863483385447087
125-33-7,20.0,4909,0.9916072208803915,2.4863483385447087
125-33-7,20.0,4909,0.9916072208803915,2.4863483385447087
60-54-8,40.0,54675776,0.945123158012364,1.8048921449067985
1689-99-2,55.0,15533,0.8420489252178563,1.5023006198594206
2008-41-5,20.0,16181,0.98911348866504,2.3061676231996997
64902-72-3,30.0,47491,0.981736244689686,2.5060403181305717
156-60-5,380.0,638186,0.9831122060367216,2.730141307336321
156-60-5,380.0,638186,0.9831122060367216,2.730141307336321
94-82-6,0.0,1489,0.9536077935356874,1.9475199610305984
16672-87-0,0.75,27982,0.98332624543207,2.2720659060972928
16672-87-0,0.75,27982,0.98332624543207,2.2720659060972928
110-80-5,0.5,8076,0.9794636431046414,2.40288409686335
110-80-5,0.5,8076,0.9794636431046414,2.40288409686335
69409-94-5,0.25,50516,0.8159133229245048,1.8202367917980216
77501-63-4,0.79,62276,0.8715545344741733,1.740381615877014
77501-63-4,0.79,62276,0.8715545344741733,1.740381615877014
83055-99-6,3.5,54960,0.9911135816409852,2.750809778327757
42874-03-3,3.0,39327,0.8459087682016878,1.7749524285408145
42874-03-3,3.0,39327,0.8459087682016878,1.7749524285408145
40487-42-1,7.6,38479,0.9214185459014252,1.866466192676037
40487-42-1,7.6,38479,0.9214185459014252,1.866466192676037
78587-05-0,13.1,13218777,0.8788256505229214,1.584863700592808
95-94-3,2.1,7270,0.9808912686533328,2.4194083728773785
95-94-3,2.1,7270,0.9808912686533328,2.4194083728773785
69-09-0,5.0,6240,0.7655888394619692,1.6559478143654942
108-80-5,500.0,7956,0.9720484746383824,2.413781309468031
108-80-5,500.0,7956,0.9720484746383824,2.413781309468031
533-74-4,0.9,10788,0.7477848400778042,2.1707296280257946
533-74-4,0.9,10788,0.7477848400778042,2.1707296280257946
117-08-8,94.0,8326,0.9629873173216194,2.265731582214141
117-08-8,94.0,8326,0.9629873173216194,2.265731582214141
556-67-2,3.5,11169,0.9858167800901416,2.868454220753165
556-67-2,3.5,11169,0.9858167800901416,2.868454220753165
6422-86-2,324.0,22932,0.978560109648902,2.5218635862513565
6422-86-2,324.0,22932,0.978560109648902,2.5218635862513565
65277-42-1,6.25,456201,0.6851056541528155,1.681394724884758
65277-42-1,6.25,456201,0.6851056541528155,1.681394724884758
10016-20-3,6.7,444913,0.9671909655269296,2.14028379201281
10016-20-3,6.7,444913,0.9671909655269296,2.14028379201281
10016-20-3,6.7,444913,0.9671909655269296,2.14028379201281
13311-84-7,0.4,3397,0.8649577289542787,1.8006496764007105
13311-84-7,0.4,3397,0.8649577289542787,1.8006496764007105
13311-84-7,0.4,3397,0.8649577289542787,1.8006496764007105
13311-84-7,0.4,3397,0.8649577289542787,1.8006496764007105
72490-01-8,5.75,51605,0.8880557867022363,1.6108635617590306
104206-82-8,0.06,175967,0.9716712457268702,1.961814205908304
31218-83-4,0.083,5372405,0.918295044118165,2.304676350264347
79622-59-6,0.04,91731,0.7254853274004821,1.9935509510419185
62924-70-3,14.5,62210,0.909272584844874,1.8231642130993275
103361-09-7,1.9,92425,0.9213723667757074,1.806501117799679
91465-08-6,0.5,6440554,0.9346211905148584,1.887349088360676
175013-18-0,5.0,6422843,0.8457097072147487,2.496706444010872
26002-80-2,21.0,4767,0.956230273076594,2.1099964748899462
26002-80-2,21.0,4767,0.956230273076594,2.1099964748899462
26002-80-2,21.0,4767,0.956230273076594,2.1099964748899462
59-14-3,50.0,6035,0.9266602447685938,2.4037785291673224
59-14-3,50.0,6035,0.9266602447685938,2.4037785291673224
59-14-3,50.0,6035,0.9266602447685938,2.4037785291673224
125401-92-5,1.4,23682789,0.9856736214839134,2.4130112353323048
82697-71-0,4.7,23681559,0.9797760484305296,2.6410560439358197
110488-70-5,2.9,86298,0.9336424978530242,1.9511829233820532
165252-70-0,0.0,197701,0.9615796044440392,2.3471008447243937
239110-15-7,60.0,11159021,0.8766379470448467,1.9727867116018252
125225-28-7,29.89,86211,0.6861778664876139,1.4985013729956358
42509-80-8,0.0015,39223,0.9785191425744826,2.580305254265243
111988-49-9,1.39,115224,0.9489560018960832,2.267016145578674
102851-06-9,12.0,91768,0.825760411118863,1.8516793590935752
4684-94-0,400.0,20812,0.917147137052602,2.082722285642408
163520-33-0,120.0,6451155,0.9039168038728438,2.1981058060444965
203313-25-1,20.0,9969573,0.87904199292384,1.7870727863941174
261947-38-0,2.0,10145345,0.9593956859674468,2.2263677245428624
290352-28-2,1.0,9819350,0.9823125940718423,2.1497458422637394
473289-62-2,0.8,9824131,0.9844678050472584,2.2875046891173123
439687-69-1,25.0,9895468,0.82166944741295,1.6307802505202986
787-93-9,50.0,13086,0.988183152873207,2.60700788530771
103-33-3,10.0,2272,0.967149814106656,2.0344229732037777
103-33-3,10.0,2272,0.967149814106656,2.0344229732037777
30516-87-1,30.0,35370,0.960278859495858,2.5047872093363748
30516-87-1,30.0,35370,0.960278859495858,2.5047872093363748
30516-87-1,30.0,35370,0.960278859495858,2.5047872093363748
30516-87-1,30.0,35370,0.960278859495858,2.5047872093363748
30516-87-1,30.0,35370,0.960278859495858,2.5047872093363748
52918-63-5,2.5,40585,0.8296812456113276,1.856019669142852
52918-63-5,2.5,40585,0.8296812456113276,1.856019669142852
111-46-6,2795.0,8117,0.9581073181018708,2.2537730474756263
111-46-6,2795.0,8117,0.9581073181018708,2.2537730474756263
57-41-0,10.0,1775,0.9638517325480712,2.2334100420857474
57-41-0,10.0,1775,0.9638517325480712,2.2334100420857474
57-41-0,10.0,1775,0.9638517325480712,2.2334100420857474
57-41-0,10.0,1775,0.9638517325480712,2.2334100420857474
107-21-1,160.0,174,0.9762210768937594,2.356018522780802
107-21-1,160.0,174,0.9762210768937594,2.356018522780802
55-38-9,0.03,3346,0.9248044772106696,2.077226815193736
55-38-9,0.03,3346,0.9248044772106696,2.077226815193736
55-38-9,0.03,3346,0.9248044772106696,2.077226815193736
55-38-9,0.03,3346,0.9248044772106696,2.077226815193736
2164-17-2,0.0,16562,0.9934714861120396,2.4091950610211845
2164-17-2,0.0,16562,0.9934714861120396,2.4091950610211845
78-59-1,125.0,6544,0.9255946677823196,2.344968968211568
78-59-1,125.0,6544,0.9255946677823196,2.344968968211568
598-55-0,100.0,11722,0.9536010040861,2.078146451840285
91-20-3,3.6,931,0.9857669331350584,2.301515795460125
91-20-3,3.6,931,0.9857669331350584,2.301515795460125
91-20-3,3.6,931,0.9857669331350584,2.301515795460125
100-01-6,1.5,7475,0.9088173431711656,1.823962355534965
7758-19-2,35.5,23668197,0.990989331628726,2.534259569539356
112-34-5,25.0,8177,0.9572581030736086,2.3836709411196977
112-34-5,25.0,8177,0.9572581030736086,2.3836709411196977
80-46-6,10.0,6643,0.8950312791039128,1.7671197163027423
80-46-6,10.0,6643,0.8950312791039128,1.7671197163027423
80-46-6,10.0,6643,0.8950312791039128,1.7671197163027423
80-46-6,10.0,6643,0.8950312791039128,1.7671197163027423
95-48-7,129.0,335,0.9856585271926048,2.146935557282412
95-48-7,129.0,335,0.9856585271926048,2.146935557282412
709-98-8,5.0,4933,0.8868311845014204,1.8735095360630467
709-98-8,5.0,4933,0.8868311845014204,1.8735095360630467
52645-53-1,3.0,40326,0.935907053436146,2.1605078037823198
52645-53-1,3.0,40326,0.935907053436146,2.1605078037823198
52645-53-1,3.0,40326,0.935907053436146,2.1605078037823198
97322-87-7,20.0,5591,0.8236897379857415,1.907640100169244
97322-87-7,20.0,5591,0.8236897379857415,1.907640100169244
97322-87-7,20.0,5591,0.8236897379857415,1.907640100169244
30560-19-1,0.12,1982,0.9856363011776468,2.404833554595008
30560-19-1,0.12,1982,0.9856363011776468,2.404833554595008
34256-82-1,1.1,1988,0.8304607596004716,1.7436987039653478
34256-82-1,1.1,1988,0.8304607596004716,1.7436987039653478
3337-71-1,74.0,18752,0.9954651422010776,2.5336557342201096
3337-71-1,74.0,18752,0.9954651422010776,2.5336557342201096
95-49-8,80.0,7238,0.9857140473267332,2.304631515751383
95-49-8,80.0,7238,0.9857140473267332,2.304631515751383
101200-48-0,1.25,153909,0.9784806293561062,2.015606338171673
59756-60-4,25.15,43079,0.9258249500685763,1.7902110539698384
59756-60-4,25.15,43079,0.9258249500685763,1.7902110539698384
66332-96-5,37.0,47898,0.895036275519092,1.8966700412826856
35554-44-0,0.0,37175,0.7539709490124936,1.6773224022162847
35554-44-0,0.0,37175,0.7539709490124936,1.6773224022162847
82558-50-7,2.5,73672,0.8739510454010385,1.736255540064786
82558-50-7,2.5,73672,0.8739510454010385,1.736255540064786
27314-13-2,4.77,33775,0.9691479066007368,2.0215222558100794
27314-13-2,4.77,33775,0.9691479066007368,2.0215222558100794
19044-88-3,0.225,29393,0.6894945176002325,1.5199082395861394
60207-90-1,1.9,43234,0.8733959942714937,1.6496852093187226
60207-90-1,1.9,43234,0.8733959942714937,1.6496852093187226
62-74-8,0.2,16212360,0.9892190069839558,2.0457189693796223
88671-89-0,0.4,6336,0.9307596282043136,1.819902595795896
88671-89-0,0.4,6336,0.9307596282043136,1.819902595795896
5902-51-2,0.9,22188,0.9729862082503088,2.286322396189531
5902-51-2,0.9,22188,0.9729862082503088,2.286322396189531
63-05-8,1.0,6128,0.8925363225256346,1.9714954112556096
63-05-8,1.0,6128,0.8925363225256346,1.9714954112556096
63-05-8,1.0,6128,0.8925363225256346,1.9714954112556096
63-05-8,1.0,6128,0.8925363225256346,1.9714954112556096
56-93-9,12.5,5963,0.968552324621742,2.258814368881923
56-93-9,12.5,5963,0.968552324621742,2.258814368881923
52-51-7,4.1,2450,0.7994397326155026,1.6543976590881508
52-51-7,4.1,2450,0.7994397326155026,1.6543976590881508
75-12-7,20.0,713,0.9955159240319088,2.696724680520457
75-12-7,20.0,713,0.9955159240319088,2.696724680520457
110-26-9,10.0,8041,0.9434194321260574,2.0977215394668485
6317-18-6,0.4,22772,0.6590627423563633,1.5729801780436434
6317-18-6,0.4,22772,0.6590627423563633,1.5729801780436434
112-49-2,87.5,8189,0.9791105827274522,2.534235782278711
87-62-7,15.0,6896,0.976907922929252,2.3151585640131755
87-62-7,15.0,6896,0.976907922929252,2.3151585640131755
107-88-0,2500.0,7896,0.9605095726290164,2.202733798891121
107-88-0,2500.0,7896,0.9605095726290164,2.202733798891121
126-11-4,375.0,31337,0.9478293757261796,2.368730846712294
126-11-4,375.0,31337,0.9478293757261796,2.368730846712294
79-39-0,120.0,6595,0.9885638538596088,2.544859721979898
79-39-0,120.0,6595,0.9885638538596088,2.544859721979898
55283-68-6,4.0,41381,0.9781183744393976,1.859948258420948
136-45-8,8.12,8693,0.9858089495219992,1.8958248593330864
114369-43-6,3.03,86138,0.740382684990486,1.665916705525136
70630-17-0,38.6,11150163,0.9860876769107711,2.496472425093604
123343-16-8,1.36,23682187,0.9907396881107806,2.253503856148026
69327-76-0,2.0,50367,0.7247409910928199,1.5352919772162923
26225-79-6,97.0,33360,0.9308516601621876,1.83558645307094
153233-91-1,2.07,153974,0.7385257239002837,1.8668047976454187
131807-57-3,1.4,213032,0.7574025517435521,1.8812607472176972
5259-88-1,750.0,21330,0.8240951843061275,1.7323924933905732
129630-19-9,86.7,182951,0.9518829295288552,1.8555782866658983
53112-28-0,1.9,91650,0.962379723312664,1.9733145409130688
112281-77-3,0.7,80277,0.7800025958487191,1.629761505567094
584-79-2,5.9,11442,0.7478367844149661,1.5643766099819718
2795-39-3,0.1,23669238,0.8938809743284377,1.6933724685732068
1123-85-9,160.0,14295,0.9792444634115666,2.3389170347586474
100-52-7,200.0,240,0.9821484573808508,2.4336350995216818
100-52-7,200.0,240,0.9821484573808508,2.4336350995216818
100-52-7,200.0,240,0.9821484573808508,2.4336350995216818
731-27-1,57.5,12898,0.8229276922501304,1.7629680448309202
112-14-1,500.0,8164,0.97882328230186,1.872063441824008
207736-05-8,50.0,54687772,0.9642370797611848,1.9351254077740732
171866-31-2,1.0,10021362,0.912369350355442,2.4343846904073123
230954-09-3,10.0,9866250,0.8973619012288413,1.6891900442084653
1068967-96-3,10.0,25099474,0.8270422998661865,1.8228875390552703
4180-23-8,100.0,637563,0.976968798053126,2.3685866499288224
4180-23-8,100.0,637563,0.976968798053126,2.3685866499288224
101-05-3,0.0,7541,0.9681168244734352,2.4464089853697977
1912-24-9,0.659,2256,0.9832064191736942,2.578278558241996
1912-24-9,0.659,2256,0.9832064191736942,2.578278558241996
3296-90-0,35.0,18692,0.9902730358801534,2.730544358760444
3296-90-0,35.0,18692,0.9902730358801534,2.730544358760444
133-06-2,30.0,8606,0.7472357569217748,1.702586967574942
133-06-2,30.0,8606,0.7472357569217748,1.702586967574942
133-06-2,30.0,8606,0.7472357569217748,1.702586967574942
63-25-2,3.1,6129,0.8880115491759738,2.103036349072253
63-25-2,3.1,6129,0.8880115491759738,2.103036349072253
63-25-2,3.1,6129,0.8880115491759738,2.103036349072253
63-25-2,3.1,6129,0.8880115491759738,2.103036349072253
1563-66-2,0.5,2566,0.9668829744299527,2.253589159707198
1563-66-2,0.5,2566,0.9668829744299527,2.253589159707198
106-47-8,12.5,7812,0.960632397647397,2.2765515541764354
510-15-6,58.75,10522,0.7443773329751908,1.5271099293189836
510-15-6,58.75,10522,0.7443773329751908,1.5271099293189836
1596-84-5,2.01,15331,0.9880824525842756,2.802970678001542
1596-84-5,2.01,15331,0.9880824525842756,2.802970678001542
72-55-9,5.0,3035,0.809134575921897,1.6996505857656252
72-55-9,5.0,3035,0.809134575921897,1.6996505857656252
333-41-5,0.0037,3017,0.9263254336185004,2.2272224371017235
333-41-5,0.0037,3017,0.9263254336185004,2.2272224371017235
333-41-5,0.0037,3017,0.9263254336185004,2.2272224371017235
333-41-5,0.0037,3017,0.9263254336185004,2.2272224371017235
60-57-1,0.00035,969491,0.8539929639811028,1.596412540608675
91-53-2,4.0,3293,0.8823959057104165,1.695262031649751
91-53-2,4.0,3293,0.8823959057104165,1.695262031649751
91-53-2,4.0,3293,0.8823959057104165,1.695262031649751
97-53-0,300.0,3314,0.9672092090212512,2.442711826241192
97-53-0,300.0,3314,0.9672092090212512,2.442711826241192
97-53-0,300.0,3314,0.9672092090212512,2.442711826241192
97-53-0,300.0,3314,0.9672092090212512,2.442711826241192
56-81-5,300.0,753,0.9688061425158894,2.5391583200728407
56-81-5,300.0,753,0.9688061425158894,2.5391583200728407
56-81-5,300.0,753,0.9688061425158894,2.5391583200728407
53-86-1,20.0,3715,0.9138372468897132,2.040772418476542
53-86-1,20.0,3715,0.9138372468897132,2.040772418476542
53-86-1,20.0,3715,0.9138372468897132,2.040772418476542
53-86-1,20.0,3715,0.9138372468897132,2.040772418476542
1634-78-2,1.0,15415,0.9789213840165086,2.349083248547468
1634-78-2,1.0,15415,0.9789213840165086,2.349083248547468
72-43-5,12.5,4115,0.8675349230543049,1.7499671663066452
50-33-9,50.0,4781,0.9248833871559632,2.250769714686208
50-33-9,50.0,4781,0.9248833871559632,2.250769714686208
50-33-9,50.0,4781,0.9248833871559632,2.250769714686208
50-33-9,50.0,4781,0.9248833871559632,2.250769714686208
50-33-9,50.0,4781,0.9248833871559632,2.250769714686208
58-14-0,1.2,4993,0.8380271264186144,1.8395515280199723
58-14-0,1.2,4993,0.8380271264186144,1.8395515280199723
58-14-0,1.2,4993,0.8380271264186144,1.8395515280199723
58-14-0,1.2,4993,0.8380271264186144,1.8395515280199723
96-18-4,0.00147431,7285,0.9922900753769388,2.1793532845269006
96-18-4,0.00147431,7285,0.9922900753769388,2.1793532845269006
102-71-6,100.0,7618,0.981391703368296,2.414619599745657
102-71-6,100.0,7618,0.981391703368296,2.414619599745657
102-71-6,100.0,7618,0.981391703368296,2.414619599745657
137-17-7,7.5,8717,0.9493641744000084,2.2952274253753764
51-79-6,0.035,5641,0.9883879432362024,2.5344330327147766
51-79-6,0.035,5641,0.9883879432362024,2.5344330327147766
51-79-6,0.035,5641,0.9883879432362024,2.5344330327147766
51-79-6,0.035,5641,0.9883879432362024,2.5344330327147766
111-15-9,2.5,8095,0.9994099990011104,2.45494149597701
486-66-8,200.0,5281708,0.8954315079063571,2.0970611675698176
486-66-8,200.0,5281708,0.8954315079063571,2.0970611675698176
1806-26-4,1.25,15730,0.8363297617303659,1.6929772052534584
140-66-9,15.6,8814,0.654613131942927,1.5484707966954887
140-66-9,15.6,8814,0.654613131942927,1.5484707966954887
140-66-9,15.6,8814,0.654613131942927,1.5484707966954887
84-69-5,600.0,6782,0.940944493778111,2.1036439811130583
84-69-5,600.0,6782,0.940944493778111,2.1036439811130583
50-35-1,100.0,5426,0.979353434397258,2.4355537779362644
50-35-1,100.0,5426,0.979353434397258,2.4355537779362644
50-35-1,100.0,5426,0.979353434397258,2.4355537779362644
120-47-8,1000.0,8434,0.944584608853552,2.1964753145082474
120-47-8,1000.0,8434,0.944584608853552,2.1964753145082474
120-47-8,1000.0,8434,0.944584608853552,2.1964753145082474
1260-17-9,4500.0,10255083,0.8261546852536934,1.8153125683413835
1260-17-9,4500.0,10255083,0.8261546852536934,1.8153125683413835
74115-24-5,17.3,73670,0.898661355397148,2.181281801495118
74115-24-5,17.3,73670,0.898661355397148,2.181281801495118
76578-14-8,0.3,53518,0.905622612728369,1.8756710593888464
76578-14-8,0.3,53518,0.905622612728369,1.8756710593888464
141-66-2,0.02,5371560,0.9499563732913092,2.281190025067495
93-65-2,9.0,7153,0.9644276329975696,2.265443968149741
93-65-2,9.0,7153,0.9644276329975696,2.265443968149741
614-45-9,30.0,11966,0.9457065320267086,2.2690358190677014
614-45-9,30.0,11966,0.9457065320267086,2.2690358190677014
80-07-9,1.5,6625,0.909213856984158,1.881261831795127
149-57-5,61.0,8697,0.9841033692904156,2.198875370200576
149-57-5,61.0,8697,0.9841033692904156,2.198875370200576
83-67-0,41.0,5429,0.9824752199299084,2.8494289288582952
83-67-0,41.0,5429,0.9824752199299084,2.8494289288582952
83-67-0,41.0,5429,0.9824752199299084,2.8494289288582952
13674-87-8,20.0,26177,0.880158017980001,1.7431724185215196
13674-87-8,20.0,26177,0.880158017980001,1.7431724185215196
109-02-4,600.0,7972,0.9780659427500892,2.500529178614148
109-02-4,600.0,7972,0.9780659427500892,2.500529178614148
1702-17-6,100.0,15553,0.9878626460284402,2.3771752065458123
1702-17-6,100.0,15553,0.9878626460284402,2.3771752065458123
107534-96-3,4.39,86102,0.8751525056017613,1.7446901636911616
107534-96-3,4.39,86102,0.8751525056017613,1.7446901636911616
22781-23-3,0.72,2314,0.953668208393175,2.1356067603783973
22781-23-3,0.72,2314,0.953668208393175,2.1356067603783973
741-58-2,0.5,12932,0.8227773184916389,1.708580340622713
97886-45-8,1.0,91757,0.8464015299381152,1.6319467399408465
116255-48-2,0.0,3444,0.8971692325877949,1.7153762405210864
122453-73-0,0.0,91778,0.7764814323971031,2.327883272381116
95266-40-3,591.76,92421,0.9641763948685272,1.999112009734758
7173-51-5,1.0,23558,0.6325836188768335,1.6614481826047536
156052-68-5,51.0,122087,0.7504538938120804,1.6833316580055926
80844-07-1,1.1,71245,0.9452250548361716,1.9132303405909268
32809-16-8,5.35,36242,0.9273897294220852,2.101165087875865
32809-16-8,5.35,36242,0.9273897294220852,2.101165087875865
101-10-0,98.0,7542,0.9708101631155664,2.4652766262993
122-88-3,17.41,26229,0.9825661314873956,2.336710483946039
26172-55-4,0.75,33344,0.9449544770973344,2.005988991843417
26172-55-4,0.75,33344,0.9449544770973344,2.005988991843417
134605-64-4,1.2,11826859,0.93777054275112,1.9166086522838133
420-04-2,0.4,9864,0.9631675993107808,1.9156318548881504
420-04-2,0.4,9864,0.9631675993107808,1.9156318548881504
120116-88-3,0.6,9862076,0.7980573037944317,1.750165469346338
6923-22-4,3.0,5371562,0.9908470891671364,2.273245940727908
35575-96-3,0.8,71482,0.8740606962784909,1.821538014856076
81741-28-8,8.66,9889168,0.6730830942149957,1.965776786069904
81741-28-8,8.66,9889168,0.6730830942149957,1.965776786069904
57-85-2,0.1,5995,0.7805138468786641,1.999222155980992
57-85-2,0.1,5995,0.7805138468786641,1.999222155980992
57-85-2,0.1,5995,0.7805138468786641,1.999222155980992
2163-00-0,100.0,16551,0.9889401868009304,2.4095472965192264
145742-28-5,1.0,9821217,0.7651540307447247,1.6471725770631134
199171-88-5,1.0,9799979,0.853622180644832,1.8643724904909404
NOCAS_47330,2.5,9865233,0.8348355241267863,1.530667191041965
NOCAS_47334,300.0,24809526,0.844196535650276,1.7158770832555237
262376-75-0,31.5,9882837,0.9152543094764036,1.842767819836015
